"","Month","Day","Name","Party","From"
"1",1,1,"Rep. Derek Kilmer"," D","Wash."
"2",1,1,"Sen. Robert Menendez"," D","N.J."
"3",1,1,"Rep. Terri A. Sewell"," D","Ala."
"4",3,1,"Rep. Marc Veasey"," D","Texas"
"5",5,1,"Rep. Rodney Davis"," R","Ill."
"6",5,1,"Rep. Carolyn McCarthy"," D","N.Y."
"7",6,1,"Rep. Frank D. Lucas"," R","Ohio"
"8",7,1,"Rep. Jeff Duncan"," R","S.C."
"9",7,1,"Rep. Vance McAllister"," R","La."
"10",7,1,"Sen. Rand Paul"," R","Ky."
"11",7,1,"Rep. Loretta Sanchez"," D","Calif."
"12",7,1,"Sen. John Thune"," R","S.D."
"13",8,1,"Rep. Kevin Yoder"," R","Kan."
"14",9,1,"Rep. Michael E. Capuano"," D","Mass."
"15",10,1,"Sen. Roy Blunt"," R","Mo."
"16",10,1,"Rep. Lois Capps"," D","Calif."
"17",10,1,"Sen. Mark Pryor"," D","Ark."
"18",10,1,"Rep. Bill Shuster"," R","Pa."
"19",10,1,"Rep. Chris Van Hollen"," D","Md."
"20",10,1,"Rep. Greg Walden"," D","Ore."
"21",11,1,"Rep. Michael R. Turner"," R","Ohio"
"22",12,1,"Rep. Sheila Jackson Lee"," D","Texas"
"23",13,1,"Rep. Thomas Massie"," R","Ky."
"24",14,1,"Rep. Michael McCaul"," R","Texas"
"25",16,1,"Rep. Diane Black"," R","Tenn."
"26",18,1,"Rep. Elijah E. Cummings"," D","Md."
"27",18,1,"Rep. Kay Granger"," R","Texas"
"28",18,1,"Rep. Michael H. Michaud"," D","Maine"
"29",19,1,"Del. Gregorio Kilili Camacho Sablan"," D","N. Marianas"
"30",20,1,"Rep. Bill Owens"," D","N.Y."
"31",21,1,"Rep. Kevin Cramer"," R","N.D."
"32",21,1,"Rep. Matt Salmon"," R","Ariz."
"33",22,1,"Rep. Steve Chabot"," R","Ohio"
"34",22,1,"Rep. Rick Crawford"," R","Ark."
"35",23,1,"Sen. Thomas R. Carper"," D","Del."
"36",24,1,"Rep. John Garamendi"," D","Calif."
"37",24,1,"Rep. Mike Thompson"," D","Calif."
"38",25,1,"Rep. Richard Hanna"," R","N.Y."
"39",25,1,"Rep. Andy Harris"," R","Md."
"40",25,1,"Rep. Bill Pascrell Jr."," D","N.J."
"41",26,1,"Rep. Xavier Becerra"," D","Calif."
"42",26,1,"Rep. Kevin McCarthy"," R","Calif."
"43",26,1,"Rep. Albio Sires"," D","N.J."
"44",27,1,"Rep. John L. Mica"," R","Fla."
"45",28,1,"Rep. Lou Barletta"," R","Pa."
"46",28,1,"Rep. Linda T. Sánchez"," D","Calif."
"47",28,1,"Sen. Jeanne Shaheen"," D","N.H."
"48",28,1,"Rep. Bennie Thompson"," D","Miss."
"49",29,1,"Rep. Paul D. Ryan"," R","Wis."
"50",29,1,"Rep. Lee Terry"," R","Neb."
"51",30,1,"Rep. Frank R. Wolf"," R","Va."
"52",31,1,"Rep. Bill Huizenga"," R","Mich."
"53",31,1,"Rep. C.A. Dutch Ruppersberger"," D","Md."
"54",1,2,"Sen. Michael B. Enzi"," R","Wyo."
"55",2,2,"Sen. John Cornyn"," R","Texas"
"56",3,2,"Rep. Tom Graves"," R","Ga."
"57",3,2,"Rep. Rob Wittman"," R","Va."
"58",4,2,"Rep. Sanford D. Bishop Jr."," D","Ga."
"59",7,2,"Rep. Stephen Fincher"," R","Tenn."
"60",7,2,"Rep. Michael G. Grimm"," R","N.Y."
"61",7,2,"Rep. Doc Hastings"," R","Wash."
"62",8,2,"Rep. Gus Bilirakis"," R","Fla."
"63",9,2,"Rep. Renee Ellmers"," R","N.C."
"64",9,2,"Rep. Todd Rokita"," R","Ind."
"65",10,2,"Rep. Walter B. Jones"," R","N.C."
"66",11,2,"Sen. Tammy Baldwin"," D","Wis."
"67",11,2,"Rep. Rob Woodall"," R","Ga."
"68",13,2,"Sen. Richard Blumenthal"," D","Conn."
"69",13,2,"Rep. Filemon Vela"," D","Texas"
"70",14,2,"Rep. Richard E. Neal"," D","Mass."
"71",17,2,"Rep. Suzan DelBene"," D","Wash."
"72",17,2,"Rep. J. Randy Forbes"," R","Va."
"73",17,2,"Rep. Jim Jordan"," R","Ohio"
"74",18,2,"Rep. Eliot L. Engel"," D","N.Y."
"75",18,2,"Rep. Brett Guthrie"," R","Ky."
"76",18,2,"Rep. Jared Huffman"," D","Calif."
"77",18,2,"Rep. Steve Womack"," R","Ark."
"78",19,2,"Rep. Raúl M. Grijalva"," D","Ariz."
"79",19,2,"Rep. Carolyn B. Maloney"," D","N.Y."
"80",20,2,"Sen. Mitch McConnell"," R","Ky."
"81",21,2,"Rep. Charles Boustany Jr."," R","La."
"82",21,2,"Rep. Scott DesJarlais"," R","Tenn."
"83",21,2,"Rep. John Lewis"," D","Ga."
"84",21,2,"Rep. Steven M. Palazzo"," R","Miss."
"85",21,2,"Rep. John Shimkus"," R","Ill."
"86",23,2,"Rep. Kenny Marchant"," R","Texas"
"87",25,2,"Rep. Bill Flores"," R","Texas"
"88",25,2,"Rep. Jim Gerlach"," R","Pa."
"89",26,2,"Sen. Tim Kaine"," D","Va."
"90",27,2,"Rep. Adam Kinzinger"," R","Ill."
"91",27,2,"Rep. Luke Messer"," R","Ind."
"92",1,3,"Sen. Deb Fischer"," R","Neb."
"93",1,3,"Rep. Randy Hultgren"," R","Ill."
"94",2,3,"Rep. Ami Bera"," D","Calif."
"95",2,3,"Rep. Rosa DeLauro"," D","Conn."
"96",3,3,"Rep. Paul Cook"," R","Calif."
"97",3,3,"Rep. David Schweikert"," R","Ariz."
"98",4,3,"Rep. James Lankford"," R","Okla."
"99",4,3,"Rep. Christopher H. Smith"," R","N.J."
"100",7,3,"Rep. Juan C. Vargas"," D","Calif."
"101",8,3,"Rep. Alan Lowenthal"," D","Calif."
"102",12,3,"Rep. Joyce Beatty"," D","Ill."
"103",12,3,"Rep. Tammy Duckworth"," D","Ill."
"104",13,3,"Rep. Alan Grayson"," D","Fla."
"105",13,3,"Sen. John Hoeven"," R","N.D."
"106",14,3,"Sen. Tom Coburn"," R","Okla."
"107",15,3,"Rep. Morgan Griffith"," R","Va."
"108",16,3,"Rep. Joseph Crowley"," D","N.Y."
"109",16,3,"Rep. Ron Kind"," D","Wis."
"110",17,3,"Rep. David Joyce"," R","Ohio"
"111",18,3,"Rep. Howard Coble"," R","N.C."
"112",19,3,"Rep. Mike Coffman"," R","Colo."
"113",21,3,"Rep. Jim Matheson"," D","Utah"
"114",22,3,"Sen. Orrin G. Hatch"," R","Utah"
"115",22,3,"Rep. Pete Sessions"," R","Texas"
"116",24,3,"Rep. Ann Kirkpatrick"," D","Ariz."
"117",24,3,"Rep. Steve Stivers"," R","Ohio"
"118",26,3,"Rep. Jason Chaffetz"," R","Utah"
"119",26,3,"Rep. Nancy Pelosi"," D","Calif."
"120",28,3,"Rep. David B. McKinley"," R","W.Va."
"121",28,3,"Rep. Nydia M. Velazquez"," D","N.Y."
"122",30,3,"Sen. Mark Begich"," D","Alaska"
"123",30,3,"Rep. Gerald E. Connolly"," D","Va."
"124",30,3,"Rep. Janice Hahn"," D","Calif."
"125",30,3,"Rep. Patrick Murphy"," D","Fla."
"126",31,3,"Rep. Tony Cardenas"," D","Calif."
"127",31,3,"Sen. Angus King"," I","Maine"
"128",31,3,"Sen. Patrick J. Leahy"," D","Vt."
"129",31,3,"Rep. Stephen F. Lynch"," D","Mass."
"130",2,4,"Rep. Chellie Pingree"," D","Maine"
"131",2,4,"Rep. Lynn Westmoreland"," R","Ga."
"132",5,4,"Rep. Peter T. King"," R","N.Y."
"133",5,4,"Rep. Reid Ribble"," R","Wis."
"134",6,4,"Rep. Michele Bachmann"," R","Minn."
"135",6,4,"Rep. Joe Courtney"," D","Conn."
"136",6,4,"Rep. Tim Walz"," D","Minn."
"137",7,4,"Rep. Robert A. Brady"," D","Pa."
"138",8,4,"Sen. Ron Johnson"," R","Wis."
"139",11,4,"Rep. Kevin Brady"," R","Texas"
"140",12,4,"Rep. Tulsi Gabbard"," D","Hawaii"
"141",12,4,"Rep. Tim Walberg"," R","Mich."
"142",13,4,"Sen. Bob Casey"," D","Pa."
"143",13,4,"Rep. Jim Costa"," D","Calif."
"144",13,4,"Rep. Susan A. Davis"," D","Calif."
"145",13,4,"Rep. Ted Yoho"," R","Fla."
"146",14,4,"Rep. David Valadao"," R","Calif."
"147",16,4,"Rep. John Delaney"," D","Md."
"148",17,4,"Rep. George Holding"," R","N.C"
"149",18,4,"Rep. Justin Amash"," R","Mich."
"150",18,4,"Rep. Bob Latta"," R","Ohio"
"151",18,4,"Rep. Gwen Moore"," D","Wis."
"152",20,4,"Rep. Dan Benishek"," R","Mich."
"153",20,4,"Sen. Pat Roberts"," R","Kan."
"154",22,4,"Rep. Jim Langevin"," D","R.I."
"155",23,4,"Rep. Fred Upton"," R","Mich."
"156",24,4,"Rep. Jack Kingston"," R","Ga."
"157",25,4,"Rep. Keith Rothfus"," R","Pa."
"158",26,4,"Del. Pedro R. Pierluisi"," D","P.R."
"159",26,4,"Rep. Niki Tsongas"," D","Mass."
"160",27,4,"Sen. Cory Booker"," D","N.J."
"161",27,4,"Rep. G.K. Butterfield"," D","N.C."
"162",27,4,"Rep. Daniel Webster"," R","Fla."
"163",28,4,"Rep. Tom Cole"," R","Okla."
"164",29,4,"Rep. Mo Brooks"," R","Ala."
"165",29,4,"Rep. Rodney Frelinghuysen"," R","N.J."
"166",29,4,"Rep. Steven Horsford"," D","Nev."
"167",29,4,"Sen. Debbie Stabenow"," D","Mich."
"168",30,4,"Rep. Robin Kelly"," D","Ill."
"169",30,4,"Rep. Robert C. Scott"," D","Va."
"170",1,5,"Rep. Matt Cartwright"," D","Pa."
"171",1,5,"Rep. Ed Perlmutter"," D","Colo."
"172",2,5,"Rep. Peter Welch"," D","Vt."
"173",3,5,"Rep. Ralph M. Hall"," R","Texas"
"174",3,5,"Sen. Jim Risch"," R","Idaho"
"175",3,5,"Sen. David Vitter"," D","La."
"176",3,5,"Sen. Ron Wyden"," D","Ore."
"177",4,5,"Rep. Colleen Hanabusa"," D","Hawaii"
"178",6,5,"Sen. Richard C. Shelby"," R","Ala."
"179",7,5,"Rep. Ted Deutch"," D","Fla."
"180",7,5,"Rep. Blaine Luetkemeyer"," R","Mo."
"181",7,5,"Rep. Candice S. Miller"," R","Mich."
"182",8,5,"Rep. Vern Buchanan"," R","Fla."
"183",10,5,"Sen. Dean Heller"," R","Nev."
"184",10,5,"Rep. Mike Kelly"," R","Pa."
"185",12,5,"Rep. Frank A. LoBiondo"," R","N.J."
"186",12,5,"Rep. Jared Polis"," D","Colo."
"187",13,5,"Rep. Tom Cotton"," R","Ark."
"188",13,5,"Rep. Chris Gibson"," R","N.Y."
"189",14,5,"Rep. Paul Broun"," R","Ga."
"190",14,5,"Rep. Erik Paulsen"," R","Minn."
"191",14,5,"Rep. Jackie Speier"," D","Calif."
"192",16,5,"Sen. Dan Coats"," R","Ind."
"193",16,5,"Rep. John Conyers Jr."," D","Mich."
"194",16,5,"Rep. Lois Frankel"," D","Fla."
"195",16,5,"Rep. James P. Moran"," D","Va."
"196",17,5,"Rep. George Miller"," D","Calif."
"197",18,5,"Sen. Tom Udall"," D","N.M."
"198",20,5,"Rep. John Carney"," D","Del."
"199",20,5,"Rep. Chris Collins"," R","N.Y."
"200",20,5,"Sen. Michael D. Crapo"," R","Idaho"
"201",20,5,"Rep. Nick J. Rahall II"," D","W.Va."
"202",21,5,"Sen. Al Franken"," D","Minn."
"203",22,5,"Rep. Cathy McMorris Rodgers"," R","Wash."
"204",22,5,"Sen. Lisa Murkowski"," R","Alaska"
"205",22,5,"Rep. John Sarbanes"," D","Md."
"206",23,5,"Rep. Dina Titus"," D","Nev."
"207",24,5,"Rep. Steve Cohen"," D","Tenn."
"208",24,5,"Rep. Charlie Dent"," R","Pa."
"209",24,5,"Rep. Doug Lamborn"," R","Colo."
"210",25,5,"Sen. Amy Klobuchar"," D","Minn."
"211",25,5,"Rep. Edward Whitfield"," R","Ky."
"212",26,5,"Sen. Kay Hagan"," D","N.C."
"213",26,5,"Rep. Rich Nugent"," R","Fla."
"214",26,5,"Rep. Jan Schakowsky"," D","Ill."
"215",27,5,"Rep. Peter A. DeFazio"," D","Ore."
"216",27,5,"Rep. Scott Perry"," R","Pa."
"217",28,5,"Rep. Steve King"," R","Iowa"
"218",28,5,"Rep. Tom Petri"," R","Wis."
"219",28,5,"Rep. Scott Rigell"," R","Va."
"220",28,5,"Sen. Marco Rubio"," R","Fla."
"221",28,5,"Rep. Aaron Schock"," R","Ill."
"222",29,5,"Rep. Jeb Hensarling"," R","Texas"
"223",29,5,"Sen. Jerry Moran"," R","Kan"
"224",30,5,"Rep. Steve Israel"," D","N.Y."
"225",31,5,"Del. Madeleine Z. Bordallo"," D","Guam"
"226",31,5,"Rep. Larry Bucshon"," R","Ind."
"227",1,6,"Rep. Timothy H. Bishop"," D","N.Y."
"228",1,6,"Rep. Gregg Harper"," R","Miss."
"229",2,6,"Rep. Mike Rogers"," R","Mich."
"230",4,6,"Sen. Mike Lee"," R","Utah"
"231",6,6,"Rep. Marsha Blackburn"," R","Tenn."
"232",6,6,"Rep. Eric Cantor"," R","Va."
"233",7,6,"Rep. Ben Ray Lujan"," D","N.M."
"234",8,6,"Rep. Ken Calvert"," R","Calif."
"235",9,6,"Rep. Don Young"," R","Alaska"
"236",10,6,"Rep. Lynn Jenkins"," R","Kan."
"237",11,6,"Rep. Charles B. Rangel"," D","N.Y."
"238",11,6,"Rep. K. Michael Conaway"," R","Texas"
"239",12,6,"Rep. Lucille Roybal Allard"," D","Calif."
"240",12,6,"Rep. Mark Amodei"," R","Nev."
"241",13,6,"Rep. Jerrold Nadler"," D","N.Y."
"242",13,6,"Del. Eleanor Holmes Norton"," D","D.C."
"243",14,6,"Rep. Bob Gibbs"," R","Ohio"
"244",14,6,"Rep. Steny H. Hoyer"," D","Md."
"245",14,6,"Rep. Jim Sensenbrenner"," R","Wis."
"246",15,6,"Rep. Jim Bridenstine"," R","Okla."
"247",15,6,"Rep. Rick Larsen"," D","Wash."
"248",15,6,"Rep. Adam Smith"," D","Wash."
"249",16,6,"Rep. Robert Hurt"," R","Va."
"250",16,6,"Rep. Jason Smith"," R","Mo."
"251",17,6,"Rep. Marcy Kaptur"," D","Ohio"
"252",17,6,"Rep. Scott Peters"," D","Calif."
"253",17,6,"Rep. Brad Wenstrup"," R","Ohio"
"254",18,6,"Sen. Mike Johanns"," R","Neb."
"255",18,6,"Rep. Jerry McNerney"," D","Calif."
"256",18,6,"Sen. Jay Rockefeller"," D","W.Va."
"257",18,6,"Rep. Paul Tonko"," D","N.Y."
"258",19,6,"Rep. Jim Cooper"," D","Tenn."
"259",19,6,"Rep. Trent Franks"," R","Ariz."
"260",21,6,"Rep. Dana Rohrabacher"," R","Calif."
"261",22,6,"Sen. Dianne Feinstein"," D","Calif."
"262",22,6,"Rep. Adam B. Schiff"," D","Calif."
"263",22,6,"Sen. Elizabeth Warren"," D","Mass."
"264",25,6,"Rep. Leonard Lance"," R","N.J."
"265",27,6,"Sen. Kelly Ayotte"," R","N.H."
"266",27,6,"Rep. Michael M. Honda"," D","Calif."
"267",27,6,"Rep. Jeff Miller"," R","Fla."
"268",27,6,"Rep. David Scott"," D","Ga."
"269",28,6,"Rep. Donna Edwards"," D","Md."
"270",28,6,"Rep. Michael G. Fitzpatrick"," R","Pa."
"271",28,6,"Sen. Carl Levin"," D","Mich."
"272",28,6,"Rep. Ed Pastor"," D","Ariz."
"273",29,6,"Rep. Virginia Foxx"," R","N.C."
"274",29,6,"Rep. Collin C. Peterson"," D","Minn."
"275",2,7,"Rep. Doug LaMalfa"," R","Calif."
"276",2,7,"Rep. Randy Weber"," R","Texas"
"277",3,7,"Sen. Lamar Alexander"," R","Tenn."
"278",4,7,"Rep. Sam Farr"," D","Calif."
"279",4,7,"Rep. Dan Maffei"," D","N.Y."
"280",5,7,"Rep. John Fleming"," R","La."
"281",5,7,"Rep. Jim Himes"," D","Conn."
"282",5,7,"Rep. Nita M. Lowey"," D","N.Y."
"283",5,7,"Sen. Roger Wicker"," R","Miss."
"284",7,7,"Rep. Judy Chu"," D","Calif."
"285",8,7,"Rep. John D. Dingell"," D","Mich."
"286",9,7,"Rep. Dave Camp"," R","Mich."
"287",9,7,"Rep. Scott Garrett"," R","N.J."
"288",9,7,"Sen. Lindsey Graham"," R","S.C."
"289",10,7,"Rep. Phil Gingrey"," R","Ga."
"290",10,7,"Rep. Tom McClintock"," R","Calif."
"291",11,7,"Sen. Edward J. Markey"," D","Mass."
"292",12,7,"Rep. Betty McCollum"," D","Minn."
"293",12,7,"Rep. Kyrsten Sinema"," D","Ariz."
"294",13,7,"Rep. Rob Bishop"," R","Utah"
"295",14,7,"Rep. Tom Latham"," R","Iowa"
"296",15,7,"Rep. David Cicilline"," D","R.I."
"297",15,7,"Rep. Daniel Lipinski"," D","Ill."
"298",15,7,"Rep. Ileana Ros Lehtinen"," R","Fla."
"299",15,7,"Rep. Chris Stewart"," R","Utah"
"300",15,7,"Rep. Mac Thornberry"," R","Texas"
"301",16,7,"Rep. Barbara Lee"," D","Calif."
"302",16,7,"Rep. Mike D. Rogers"," R","Ala."
"303",16,7,"Rep. Tim Ryan"," D","Ohio"
"304",17,7,"Rep. Katherine M. Clark"," D","Mass."
"305",18,7,"Sen. Mark Udall"," D","Colo."
"306",19,7,"Rep. John Campbell"," R","Calif."
"307",20,7,"Sen. Barbara A. Mikulski"," D","Md."
"308",21,7,"Sen. John Barrasso"," R","Wyo."
"309",21,7,"Rep. James E. Clyburn"," D","S.C."
"310",21,7,"Rep. John J. Duncan Jr."," R","Tenn."
"311",21,7,"Rep. Mick Mulvaney"," R","S.C."
"312",21,7,"Rep. Phil Roe"," R","Tenn."
"313",22,7,"Rep. Robert B. Aderholt"," R","Ala."
"314",22,7,"Rep. John B. Larson"," D","Conn."
"315",24,7,"Rep. Andy Barr"," R","Ky."
"316",24,7,"Sen. Claire McCaskill"," D","Mo."
"317",26,7,"Rep. Markwayne Mullin"," R","Okla."
"318",26,7,"Rep. Martha Roby"," R","Ala."
"319",27,7,"Rep. William Lacy Clay"," D","Mo."
"320",27,7,"Rep. Glenn Thompson"," R","Pa."
"321",28,7,"Rep. Mark Meadows"," R","N.C."
"322",29,7,"Rep. Diana DeGette"," D","Colo."
"323",29,7,"Rep. Jeff Denham"," R","Calif."
"324",29,7,"Rep. Denny Heck"," D","Wash."
"325",30,7,"Rep. Sean Patrick Maloney"," D","N.Y."
"326",31,7,"Rep. Joe Wilson"," R","S.C."
"327",3,8,"Sen. Christopher S. Murphy"," D","Conn."
"328",4,8,"Rep. Keith Ellison"," D","Minn."
"329",4,8,"Rep. Hakeem Jeffries"," D","N.Y."
"330",4,8,"Rep. Tom Rice"," R","S.C."
"331",5,8,"Rep. Mike Doyle"," D","Pa."
"332",6,8,"Rep. Mike McIntyre"," D","N.C."
"333",11,8,"Rep. Dan Kildee"," D","Mich."
"334",11,8,"Rep. Billy Long"," R","Mo."
"335",13,8,"Rep. Tom Marino"," R","Pa."
"336",13,8,"Rep. Peter J. Visclosky"," D","Ind."
"337",14,8,"Rep. Louise M. Slaughter"," D","N.Y."
"338",14,8,"Rep. Mark Pocan"," D","Wis"
"339",15,8,"Del. Eni F.H. Faleomavaega"," D","A.S."
"340",15,8,"Rep. Robert Pittenger"," R","N.C."
"341",15,8,"Rep. Maxine Waters"," D","Calif."
"342",16,8,"Rep. Earl Blumenauer"," D","Ore."
"343",16,8,"Rep. Doug Collins"," R","Ga."
"344",17,8,"Rep. David E. Price"," R","N.C."
"345",17,8,"Rep. Jackie Walorski"," R","Ind."
"346",18,8,"Rep. Louie Gohmert"," R","Texas"
"347",20,8,"Rep. Kathy Castor"," D","Fla."
"348",20,8,"Rep. Steve Daines"," R","Mont."
"349",20,8,"Rep. Ruben Hinojosa"," D","Texas"
"350",20,8,"Rep. Brad Schneider"," D","Ill."
"351",21,8,"Rep. Tim Griffin"," R","Ark."
"352",21,8,"Sen. Jon Tester"," D","Mont."
"353",22,8,"Rep. Cory Gardner"," R","Colo."
"354",22,8,"Rep. Trey Gowdy"," R","S.C."
"355",24,8,"Sen. Bob Corker"," R","Tenn."
"356",24,8,"Rep. John Culberson"," R","Texas"
"357",24,8,"Sen. Joe Manchin III"," D","W.Va."
"358",24,8,"Rep. Steve Pearce"," R","N.M."
"359",24,8,"Rep. Todd Young"," R","Ind."
"360",25,8,"Rep. Ron Barber"," D","Ariz."
"361",25,8,"Rep. Susan W. Brooks"," R","Ind."
"362",25,8,"Rep. Elizabeth Esty"," D","Conn."
"363",25,8,"Rep. Raul Ruiz"," D","Calif."
"364",26,8,"Rep. Melvin Watt"," D","N.C."
"365",28,8,"Rep. Julia Brownley"," D","Calif."
"366",29,8,"Sen. John McCain"," R","Ariz."
"367",29,8,"Rep. Dave Reichert"," R","Wash."
"368",31,8,"Rep. Marlin Stutzman"," R","Ind."
"369",1,9,"Rep. Ander Crenshaw"," R","Fla."
"370",1,9,"Rep. Al Green"," D","Texas"
"371",5,9,"Rep. Alcee L. Hastings"," D","Fla."
"372",5,9,"Rep. Ann McLane Kuster"," D","N.H."
"373",6,9,"Rep. Danny K. Davis"," D","Ill."
"374",6,9,"Rep. William Keating"," D","Mass."
"375",6,9,"Rep. John Kline"," R","Minn."
"376",6,9,"Rep. Sander M. Levin"," D","Mich."
"377",6,9,"Rep. Gloria Negrete McLeod"," D","Calif."
"378",8,9,"Sen. Bernard Sanders"," I","Vt."
"379",8,9,"Rep. Mike Simpson"," R","Idaho"
"380",9,9,"Sen. Chris Coons"," D","Del."
"381",9,9,"Rep. Howard “Buck” McKeon"," R","Calif."
"382",10,9,"Rep. Cynthia M. Lummis"," R","Wyo."
"383",10,9,"Rep. Ted Poe"," R","Texas"
"384",11,9,"Rep. Tim Murphy"," R","Pa."
"385",12,9,"Rep. Henry A. Waxman"," D","Calif."
"386",13,9,"Rep. Cedric L. Richmond"," D","La."
"387",13,9,"Rep. Peter Roskam"," R","Ill."
"388",13,9,"Rep. Ann Wagner"," R","Mo."
"389",13,9,"Rep. Roger Williams"," R","Texas"
"390",14,9,"Rep. Ron DeSantis"," R","Fla."
"391",15,9,"Rep. Joe L. Barton"," R","Texas"
"392",15,9,"Sen. Mark S. Kirk"," R","Ill."
"393",16,9,"Rep. Joaquin Castro"," D","Texas"
"394",17,9,"Sen. Charles E. Grassley"," R","Iowa"
"395",18,9,"Rep. John F. Tierney"," D","Mass."
"396",19,9,"Del. Donna M.C. Christensen"," D","V.I."
"397",19,9,"Rep. Henry Cuellar"," D","Texas"
"398",19,9,"Sen. Tim Scott"," R","S.C."
"399",22,9,"Rep. Bill Enyart"," D","Ill."
"400",22,9,"Rep. Robert W. Goodlatte"," R","Va."
"401",25,9,"Rep. Mario Diaz Balart"," R","Fla."
"402",25,9,"Rep. Doris Matsui"," D","Calif."
"403",25,9,"Rep. Gregory W. Meeks"," D","N.Y."
"404",26,9,"Rep. Beto O’Rourke"," D","Texas"
"405",27,9,"Rep. Debbie Wasserman Schultz"," D","Fla."
"406",28,9,"Rep. Bill Cassidy"," R","La."
"407",29,9,"Sen. Joe Donnelly"," D","Ind."
"408",29,9,"Sen. Bill Nelson"," D","Fla."
"409",1,10,"Rep. Grace Meng"," D","N.Y."
"410",1,10,"Rep. Devin Nunes"," R","Calif."
"411",2,10,"Rep. Hank Johnson"," D","Ga."
"412",3,10,"Rep. Karen Bass"," D","Calif."
"413",3,10,"Rep. Sean P. Duffy"," R","Wis."
"414",3,10,"Rep. Allyson Y. Schwartz"," D","Pa."
"415",4,10,"Rep. Joseph P. Kennedy III"," D","Mass."
"416",5,10,"Sen. Benjamin L. Cardin"," D","Md."
"417",6,10,"Rep. Kerry Bentivolio"," R","Mich."
"418",6,10,"Rep. Lloyd Doggett"," D","Texas"
"419",6,10,"Rep. Brian Higgins"," D","N.Y."
"420",6,10,"Rep. Steve Scalise"," R","La."
"421",7,10,"Rep. Bill Foster"," D","Ill."
"422",8,10,"Rep. Tom Price"," R","Ga."
"423",9,10,"Rep. Alan Nunnelee"," R","Miss."
"424",10,10,"Rep. Joe Pitts"," R","Pa."
"425",10,10,"Rep. Steve Southerland II"," R","Fla."
"426",11,10,"Rep. Chuck Fleischmann"," R","Tenn."
"427",11,10,"Rep. Sam Johnson"," R","Texas"
"428",11,10,"Sen. Patty Murray"," D","Wash."
"429",12,10,"Rep. Joe Garcia"," D","Fla."
"430",12,10,"Rep. Ed Royce"," D","Calif."
"431",13,10,"Sen. Maria Cantwell"," D","Wash."
"432",13,10,"Rep. Vicky Hartzler"," R","Mo."
"433",14,10,"Rep. Suzanne Bonamici"," D","Ore."
"434",15,10,"Rep. Rush D. Holt"," D","N.J."
"435",16,10,"Rep. Andre Carson"," D","Ind."
"436",16,10,"Rep. Gary G. Miller"," R","Calif."
"437",17,10,"Rep. Cheri Bustos"," D","Ill."
"438",17,10,"Rep. Gene Green"," D","Texas"
"439",17,10,"Sen. Martin Heinrich"," D","N.M."
"440",17,10,"Rep. Mike Quigley"," D","Ill."
"441",18,10,"Rep. Dennis A. Ross"," R","Fla."
"442",19,10,"Rep. Kurt Schrader"," D","Ore."
"443",20,10,"Rep. Patrick Meehan"," R","Pa."
"444",20,10,"Sen. Brian Schatz"," D","Hawaii"
"445",20,10,"Sen. Sheldon Whitehouse"," D","R.I."
"446",21,10,"Rep. Pat Tiberi"," R","Ohio"
"447",22,10,"Rep. Patrick T. McHenry"," R","N.C."
"448",24,10,"Rep. Michelle Lujan Grisham"," D","N.M."
"449",24,10,"Sen. Jeff Merkley"," D","Ore."
"450",24,10,"Rep. Jose E. Serrano"," D","N.Y."
"451",24,10,"Rep. Brad Sherman"," D","Calif."
"452",26,10,"Rep. Emanuel Cleaver II"," D","Mo."
"453",29,10,"Rep. Marcia L. Fudge"," D","Ohio"
"454",30,10,"Rep. Bruce Braley"," D","Iowa"
"455",30,10,"Rep. Joe Heck"," R","Nev."
"456",30,10,"Sen. Heidi Heitkamp"," D","N.D."
"457",30,10,"Rep. Frank Pallone Jr."," D","N.J."
"458",31,10,"Rep. John Barrow"," D","Ga."
"459",31,10,"Rep. David Jolly"," R","Fla."
"460",1,11,"Rep. Darrell Issa"," R","Calif."
"461",3,11,"Rep. Jaime Herrera Beutler"," R","Wash."
"462",3,11,"Sen. Mazie K. Hirono"," D","Hawaii"
"463",3,11,"Sen. John Walsh"," D","Mont."
"464",4,11,"Rep. Richard Hudson"," R","N.C."
"465",4,11,"Rep. John Yarmuth"," D","Ky."
"466",5,11,"Rep. Frederica S. Wilson"," D","Fla."
"467",6,11,"Rep. John Carter"," R","Texas"
"468",7,11,"Rep. Sam Graves"," R","Ga."
"469",9,11,"Sen. Sherrod Brown"," D","Ohio"
"470",9,11,"Rep. Scott Tipton"," R","Colo."
"471",10,11,"Sen. Saxby Chambliss"," R","Ga."
"472",10,11,"Rep. Bill Johnson"," R","Ohio"
"473",11,11,"Sen. Barbara Boxer"," D","Calif."
"474",11,11,"Rep. Corrine Brown"," D","Fla."
"475",11,11,"Rep. Tim Huelskamp"," R","Kan."
"476",12,11,"Sen. Jack Reed"," D","R.I."
"477",14,11,"Rep. Steve Stockman"," R","Texas"
"478",16,11,"Rep. Eric Swalwell"," D","Calif."
"479",17,11,"Rep. John A. Boehner"," R","Ohio"
"480",17,11,"Sen. James M. Inhofe"," R","Okla."
"481",17,11,"Sen. Patrick J. Toomey"," R","Pa."
"482",18,11,"Rep. Tom Reed"," R","N.Y."
"483",19,11,"Sen. Tom Harkin"," D","Iowa"
"484",19,11,"Rep. Lamar Smith"," R","Texas"
"485",20,11,"Rep. Jim McGovern"," D","Mass."
"486",21,11,"Rep. Yvette D. Clarke"," D","N.Y."
"487",21,11,"Sen. Richard J. Durbin"," D","Ill."
"488",21,11,"Rep. Chaka Fattah"," D","Pa."
"489",21,11,"Rep. Tom Rooney"," R","Fla."
"490",23,11,"Sen. Mary L. Landrieu"," D","La."
"491",23,11,"Rep. Bobby L. Rush"," D","Ill."
"492",23,11,"Sen. Charles E. Schumer"," D","N.Y."
"493",26,11,"Rep. Shelley Moore Capito"," R","W.Va."
"494",27,11,"Rep. Paul Gosar"," R","Ariz."
"495",27,11,"Rep. Jon Runyan"," R","N.J."
"496",28,11,"Sen. Michael Bennet"," D","Colo."
"497",30,11,"Sen. Richard M. Burr"," R","N.C."
"498",30,11,"Rep. Kristi Noem"," R","S.D."
"499",1,12,"Rep. Gary Peters"," D","Mich."
"500",2,12,"Rep. Pete Gallego"," D","Texas"
"501",2,12,"Sen. Harry Reid"," D","Nev."
"502",3,12,"Rep. Eddie Bernice Johnson"," D","Texas"
"503",3,12,"Rep. James B. Renacci"," R","Ohio"
"504",4,12,"Rep. Grace F. Napolitano"," D","Calif."
"505",7,12,"Sen. Thad Cochran"," R","Miss."
"506",7,12,"Sen. Susan Collins"," R","Maine"
"507",7,12,"Rep. Duncan Hunter"," R","Calif."
"508",8,12,"Rep. Raul R. Labrador"," R","ldaho"
"509",9,12,"Rep. Pete Olson"," R","Texas"
"510",9,12,"Sen. Kirsten Gillibrand"," D","N.Y."
"511",10,12,"Sen. John Boozman"," R","Ark."
"512",10,12,"Rep. Luis V. Gutierrez"," D","Ill."
"513",10,12,"Rep. Austin Scott"," R","Ga."
"514",10,12,"Rep. Mark Takano"," D","Calif."
"515",12,12,"Rep. Blake Farenthold"," R","Texas"
"516",13,12,"Rep. Anna G. Eshoo"," D","Calif."
"517",15,12,"Sen. Mark Warner"," D","Va."
"518",16,12,"Rep. Donald M. Payne Jr."," D","N.J."
"519",17,12,"Rep. Rick Nolan"," D","Minn."
"520",18,12,"Rep. Bill Posey"," R","Fla."
"521",19,12,"Sen. Rob Portman"," R","Ohio"
"522",19,12,"Rep. Adrian Smith"," R","Neb."
"523",21,12,"Rep. Zoe Lofgren"," D","Calif."
"524",22,12,"Sen. Ted Cruz"," R","Texas"
"525",23,12,"Rep. Michael C. Burgess"," R","Texas"
"526",23,12,"Rep. Dave Loebsack"," D","Iowa"
"527",24,12,"Sen. Jeff Sessions"," R","Texas"
"528",24,12,"Rep. Randy Neugebauer"," R","Texas"
"529",27,12,"Rep. Jeff Fortenberry"," R","Neb."
"530",28,12,"Rep. Spencer Bachus"," R","Ala."
"531",28,12,"Sen. Johnny Isakson"," R","Ga."
"532",28,12,"Sen. Tim Johnson"," D","S.D."
"533",28,12,"Rep. Jim McDermott"," D","Wash."
"534",30,12,"Rep. Mike Pompeo"," R","Kan."
"535",31,12,"Sen. Jeff Flake"," R","Ariz."
"536",31,12,"Rep. Harold Rogers"," R","Ky."
