,,,,,,,,
1/1/2014,FALSE,1/1/2014,1,1,,,,
"Rep. Derek Kilmer, D-Wash., 40",TRUE,1/1/2014,1,1,Rep. Derek Kilmer, D,Wash.,40
"Sen. Robert Menendez, D-N.J., 60",TRUE,1/1/2014,1,1,Sen. Robert Menendez, D,N.J.,60
"Rep. Terri A. Sewell, D-Ala., 49",TRUE,1/1/2014,1,1,Rep. Terri A. Sewell, D,Ala.,49
1/3/2014,FALSE,1/3/2014,3,1,1/3/2014,,,
"Rep. Marc Veasey, D-Texas, 43",TRUE,1/3/2014,3,1,Rep. Marc Veasey, D,Texas,43
1/5/2014,FALSE,1/5/2014,5,1,1/5/2014,,,
"Rep. Rodney Davis, R-Ill., 44",TRUE,1/5/2014,5,1,Rep. Rodney Davis, R,Ill.,44
"Rep. Carolyn McCarthy, D-N.Y., 70",TRUE,1/5/2014,5,1,Rep. Carolyn McCarthy, D,N.Y.,70
1/6/2014,FALSE,1/6/2014,6,1,1/6/2014,,,
"Rep. Frank D. Lucas, R-Ohio, 54",TRUE,1/6/2014,6,1,Rep. Frank D. Lucas, R,Ohio,54
1/7/2014,FALSE,1/7/2014,7,1,1/7/2014,,,
"Rep. Jeff Duncan, R-S.C., 48",TRUE,1/7/2014,7,1,Rep. Jeff Duncan, R,S.C.,48
"Rep. Vance McAllister, R-La., 40",TRUE,1/7/2014,7,1,Rep. Vance McAllister, R,La.,40
"Sen. Rand Paul, R-Ky., 51",TRUE,1/7/2014,7,1,Sen. Rand Paul, R,Ky.,51
"Rep. Loretta Sanchez, D-Calif., 54",TRUE,1/7/2014,7,1,Rep. Loretta Sanchez, D,Calif.,54
"Sen. John Thune, R-S.D., 53",TRUE,1/7/2014,7,1,Sen. John Thune, R,S.D.,53
1/8/2014,FALSE,1/8/2014,8,1,1/8/2014,,,
"Rep. Kevin Yoder, R-Kan., 38",TRUE,1/8/2014,8,1,Rep. Kevin Yoder, R,Kan.,38
1/9/2014,FALSE,1/9/2014,9,1,1/9/2014,,,
"Rep. Michael E. Capuano, D-Mass., 62",TRUE,1/9/2014,9,1,Rep. Michael E. Capuano, D,Mass.,62
1/10/2014,FALSE,1/10/2014,10,1,1/10/2014,,,
"Sen. Roy Blunt, R-Mo., 64",TRUE,1/10/2014,10,1,Sen. Roy Blunt, R,Mo.,64
"Rep. Lois Capps, D-Calif., 76",TRUE,1/10/2014,10,1,Rep. Lois Capps, D,Calif.,76
"Sen. Mark Pryor, D-Ark., 51",TRUE,1/10/2014,10,1,Sen. Mark Pryor, D,Ark.,51
"Rep. Bill Shuster, R-Pa., 53",TRUE,1/10/2014,10,1,Rep. Bill Shuster, R,Pa.,53
"Rep. Chris Van Hollen, D-Md., 55",TRUE,1/10/2014,10,1,Rep. Chris Van Hollen, D,Md.,55
"Rep. Greg Walden, D-Ore., 57",TRUE,1/10/2014,10,1,Rep. Greg Walden, D,Ore.,57
1/11/2014,FALSE,1/11/2014,11,1,1/11/2014,,,
"Rep. Michael R. Turner, R-Ohio, 54",TRUE,1/11/2014,11,1,Rep. Michael R. Turner, R,Ohio,54
1/12/2014,FALSE,1/12/2014,12,1,1/12/2014,,,
"Rep. Sheila Jackson Lee, D-Texas, 64",TRUE,1/12/2014,12,1,Rep. Sheila Jackson Lee, D,Texas,64
1/13/2014,FALSE,1/13/2014,13,1,1/13/2014,,,
"Rep. Thomas Massie, R-Ky., 43",TRUE,1/13/2014,13,1,Rep. Thomas Massie, R,Ky.,43
1/14/2014,FALSE,1/14/2014,14,1,1/14/2014,,,
"Rep. Michael McCaul, R-Texas, 52",TRUE,1/14/2014,14,1,Rep. Michael McCaul, R,Texas,52
1/16/2014,FALSE,1/16/2014,16,1,1/16/2014,,,
"Rep. Diane Black, R-Tenn., 63",TRUE,1/16/2014,16,1,Rep. Diane Black, R,Tenn.,63
1/18/2014,FALSE,1/18/2014,18,1,1/18/2014,,,
"Rep. Elijah E. Cummings, D-Md., 63",TRUE,1/18/2014,18,1,Rep. Elijah E. Cummings, D,Md.,63
"Rep. Kay Granger, R-Texas, 71",TRUE,1/18/2014,18,1,Rep. Kay Granger, R,Texas,71
"Rep. Michael H. Michaud, D-Maine, 59",TRUE,1/18/2014,18,1,Rep. Michael H. Michaud, D,Maine,59
1/19/2014,FALSE,1/19/2014,19,1,1/19/2014,,,
"Del. Gregorio Kilili Camacho Sablan, D-N. Marianas, 59",TRUE,1/19/2014,19,1,Del. Gregorio Kilili Camacho Sablan, D,N. Marianas,59
1/20/2014,FALSE,1/20/2014,20,1,1/20/2014,,,
"Rep. Bill Owens, D-N.Y., 65",TRUE,1/20/2014,20,1,Rep. Bill Owens, D,N.Y.,65
1/21/2014,FALSE,1/21/2014,21,1,1/21/2014,,,
"Rep. Kevin Cramer, R-N.D., 53",TRUE,1/21/2014,21,1,Rep. Kevin Cramer, R,N.D.,53
"Rep. Matt Salmon, R-Ariz., 56",TRUE,1/21/2014,21,1,Rep. Matt Salmon, R,Ariz.,56
1/22/2014,FALSE,1/22/2014,22,1,1/22/2014,,,
"Rep. Steve Chabot, R-Ohio, 61",TRUE,1/22/2014,22,1,Rep. Steve Chabot, R,Ohio,61
"Rep. Rick Crawford, R-Ark., 48",TRUE,1/22/2014,22,1,Rep. Rick Crawford, R,Ark.,48
1/23/2014,FALSE,1/23/2014,23,1,1/23/2014,,,
"Sen. Thomas R. Carper, D-Del., 67",TRUE,1/23/2014,23,1,Sen. Thomas R. Carper, D,Del.,67
1/24/2014,FALSE,1/24/2014,24,1,1/24/2014,,,
"Rep. John Garamendi, D-Calif., 69",TRUE,1/24/2014,24,1,Rep. John Garamendi, D,Calif.,69
"Rep. Mike Thompson, D-Calif., 63",TRUE,1/24/2014,24,1,Rep. Mike Thompson, D,Calif.,63
1/25/2014,FALSE,1/25/2014,25,1,1/25/2014,,,
"Rep. Richard Hanna, R-N.Y., 63",TRUE,1/25/2014,25,1,Rep. Richard Hanna, R,N.Y.,63
"Rep. Andy Harris, R-Md., 57",TRUE,1/25/2014,25,1,Rep. Andy Harris, R,Md.,57
"Rep. Bill Pascrell Jr., D-N.J., 77",TRUE,1/25/2014,25,1,Rep. Bill Pascrell Jr., D,N.J.,77
1/26/2014,FALSE,1/26/2014,26,1,1/26/2014,,,
"Rep. Xavier Becerra, D-Calif., 56",TRUE,1/26/2014,26,1,Rep. Xavier Becerra, D,Calif.,56
"Rep. Kevin McCarthy, R-Calif., 49",TRUE,1/26/2014,26,1,Rep. Kevin McCarthy, R,Calif.,49
"Rep. Albio Sires, D-N.J., 63",TRUE,1/26/2014,26,1,Rep. Albio Sires, D,N.J.,63
1/27/2014,FALSE,1/27/2014,27,1,1/27/2014,,,
"Rep. John L. Mica, R-Fla., 71",TRUE,1/27/2014,27,1,Rep. John L. Mica, R,Fla.,71
1/28/2014,FALSE,1/28/2014,28,1,1/28/2014,,,
"Rep. Lou Barletta, R-Pa., 58",TRUE,1/28/2014,28,1,Rep. Lou Barletta, R,Pa.,58
"Rep. Linda T. Sánchez, D-Calif., 45",TRUE,1/28/2014,28,1,Rep. Linda T. Sánchez, D,Calif.,45
"Sen. Jeanne Shaheen, D-N.H., 67",TRUE,1/28/2014,28,1,Sen. Jeanne Shaheen, D,N.H.,67
"Rep. Bennie Thompson, D-Miss., 66",TRUE,1/28/2014,28,1,Rep. Bennie Thompson, D,Miss.,66
1/29/2014,FALSE,1/29/2014,29,1,1/29/2014,,,
"Rep. Paul D. Ryan, R-Wis., 44",TRUE,1/29/2014,29,1,Rep. Paul D. Ryan, R,Wis.,44
"Rep. Lee Terry, R-Neb., 52",TRUE,1/29/2014,29,1,Rep. Lee Terry, R,Neb.,52
1/30/2014,FALSE,1/30/2014,30,1,1/30/2014,,,
"Rep. Frank R. Wolf, R-Va., 75",TRUE,1/30/2014,30,1,Rep. Frank R. Wolf, R,Va.,75
1/31/2014,FALSE,1/31/2014,31,1,1/31/2014,,,
"Rep. Bill Huizenga, R-Mich., 45",TRUE,1/31/2014,31,1,Rep. Bill Huizenga, R,Mich.,45
"Rep. C.A. Dutch Ruppersberger, D-Md., 68",TRUE,1/31/2014,31,1,Rep. C.A. Dutch Ruppersberger, D,Md.,68
2/1/2014,FALSE,2/1/2014,1,2,2/1/2014,,,
"Sen. Michael B. Enzi, R-Wyo., 70",TRUE,2/1/2014,1,2,Sen. Michael B. Enzi, R,Wyo.,70
2/2/2014,FALSE,2/2/2014,2,2,2/2/2014,,,
"Sen. John Cornyn, R-Texas, 62",TRUE,2/2/2014,2,2,Sen. John Cornyn, R,Texas,62
2/3/2014,FALSE,2/3/2014,3,2,2/3/2014,,,
"Rep. Tom Graves, R-Ga., 44",TRUE,2/3/2014,3,2,Rep. Tom Graves, R,Ga.,44
"Rep. Rob Wittman, R-Va., 55",TRUE,2/3/2014,3,2,Rep. Rob Wittman, R,Va.,55
2/4/2014,FALSE,2/4/2014,4,2,2/4/2014,,,
"Rep. Sanford D. Bishop Jr., D-Ga., 67",TRUE,2/4/2014,4,2,Rep. Sanford D. Bishop Jr., D,Ga.,67
2/7/2014,FALSE,2/7/2014,7,2,2/7/2014,,,
"Rep. Stephen Fincher, R-Tenn., 41",TRUE,2/7/2014,7,2,Rep. Stephen Fincher, R,Tenn.,41
"Rep. Michael G. Grimm, R-N.Y., 44",TRUE,2/7/2014,7,2,Rep. Michael G. Grimm, R,N.Y.,44
"Rep. Doc Hastings, R-Wash., 73",TRUE,2/7/2014,7,2,Rep. Doc Hastings, R,Wash.,73
2/8/2014,FALSE,2/8/2014,8,2,2/8/2014,,,
"Rep. Gus Bilirakis, R-Fla., 51",TRUE,2/8/2014,8,2,Rep. Gus Bilirakis, R,Fla.,51
2/9/2014,FALSE,2/9/2014,9,2,2/9/2014,,,
"Rep. Renee Ellmers, R-N.C., 50",TRUE,2/9/2014,9,2,Rep. Renee Ellmers, R,N.C.,50
"Rep. Todd Rokita, R-Ind., 44",TRUE,2/9/2014,9,2,Rep. Todd Rokita, R,Ind.,44
2/10/2014,FALSE,2/10/2014,10,2,2/10/2014,,,
"Rep. Walter B. Jones, R-N.C., 71",TRUE,2/10/2014,10,2,Rep. Walter B. Jones, R,N.C.,71
2/11/2014,FALSE,2/11/2014,11,2,2/11/2014,,,
"Sen. Tammy Baldwin, D-Wis., 52",TRUE,2/11/2014,11,2,Sen. Tammy Baldwin, D,Wis.,52
"Rep. Rob Woodall, R-Ga., 44",TRUE,2/11/2014,11,2,Rep. Rob Woodall, R,Ga.,44
2/13/2014,FALSE,2/13/2014,13,2,2/13/2014,,,
"Sen. Richard Blumenthal, D-Conn., 68",TRUE,2/13/2014,13,2,Sen. Richard Blumenthal, D,Conn.,68
"Rep. Filemon Vela, D-Texas, 51",TRUE,2/13/2014,13,2,Rep. Filemon Vela, D,Texas,51
2/14/2014,FALSE,2/14/2014,14,2,2/14/2014,,,
"Rep. Richard E. Neal, D-Mass., 65",TRUE,2/14/2014,14,2,Rep. Richard E. Neal, D,Mass.,65
2/17/2014,FALSE,2/17/2014,17,2,2/17/2014,,,
"Rep. Suzan DelBene, D-Wash., 52",TRUE,2/17/2014,17,2,Rep. Suzan DelBene, D,Wash.,52
"Rep. J. Randy Forbes, R-Va., 62",TRUE,2/17/2014,17,2,Rep. J. Randy Forbes, R,Va.,62
"Rep. Jim Jordan, R-Ohio, 50",TRUE,2/17/2014,17,2,Rep. Jim Jordan, R,Ohio,50
2/18/2014,FALSE,2/18/2014,18,2,2/18/2014,,,
"Rep. Eliot L. Engel, D-N.Y., 67",TRUE,2/18/2014,18,2,Rep. Eliot L. Engel, D,N.Y.,67
"Rep. Brett Guthrie, R-Ky., 50",TRUE,2/18/2014,18,2,Rep. Brett Guthrie, R,Ky.,50
"Rep. Jared Huffman, D-Calif., 50",TRUE,2/18/2014,18,2,Rep. Jared Huffman, D,Calif.,50
"Rep. Steve Womack, R-Ark., 57",TRUE,2/18/2014,18,2,Rep. Steve Womack, R,Ark.,57
2/19/2014,FALSE,2/19/2014,19,2,2/19/2014,,,
"Rep. Raúl M. Grijalva, D-Ariz., 66",TRUE,2/19/2014,19,2,Rep. Raúl M. Grijalva, D,Ariz.,66
"Rep. Carolyn B. Maloney, D-N.Y., 68",TRUE,2/19/2014,19,2,Rep. Carolyn B. Maloney, D,N.Y.,68
2/20/2014,FALSE,2/20/2014,20,2,2/20/2014,,,
"Sen. Mitch McConnell, R-Ky., 72",TRUE,2/20/2014,20,2,Sen. Mitch McConnell, R,Ky.,72
2/21/2014,FALSE,2/21/2014,21,2,2/21/2014,,,
"Rep. Charles Boustany Jr., R-La., 58",TRUE,2/21/2014,21,2,Rep. Charles Boustany Jr., R,La.,58
"Rep. Scott DesJarlais, R-Tenn., 50",TRUE,2/21/2014,21,2,Rep. Scott DesJarlais, R,Tenn.,50
"Rep. John Lewis, D-Ga.,74",TRUE,2/21/2014,21,2,Rep. John Lewis, D,Ga.,74
"Rep. Steven M. Palazzo, R-Miss., 44",TRUE,2/21/2014,21,2,Rep. Steven M. Palazzo, R,Miss.,44
"Rep. John Shimkus, R-Ill., 56",TRUE,2/21/2014,21,2,Rep. John Shimkus, R,Ill.,56
2/23/2014,FALSE,2/23/2014,23,2,2/23/2014,,,
"Rep. Kenny Marchant, R-Texas, 63",TRUE,2/23/2014,23,2,Rep. Kenny Marchant, R,Texas,63
2/25/2014,FALSE,2/25/2014,25,2,2/25/2014,,,
"Rep. Bill Flores, R-Texas, 60",TRUE,2/25/2014,25,2,Rep. Bill Flores, R,Texas,60
"Rep. Jim Gerlach, R-Pa., 59",TRUE,2/25/2014,25,2,Rep. Jim Gerlach, R,Pa.,59
2/26/2014,FALSE,2/26/2014,26,2,2/26/2014,,,
"Sen. Tim Kaine, D-Va., 56",TRUE,2/26/2014,26,2,Sen. Tim Kaine, D,Va.,56
2/27/2014,FALSE,2/27/2014,27,2,2/27/2014,,,
"Rep. Adam Kinzinger, R-Ill., 36",TRUE,2/27/2014,27,2,Rep. Adam Kinzinger, R,Ill.,36
"Rep. Luke Messer, R-Ind., 45",TRUE,2/27/2014,27,2,Rep. Luke Messer, R,Ind.,45
3/1/2014,FALSE,3/1/2014,1,3,3/1/2014,,,
"Sen. Deb Fischer, R-Neb., 63",TRUE,3/1/2014,1,3,Sen. Deb Fischer, R,Neb.,63
"Rep. Randy Hultgren, R-Ill., 48",TRUE,3/1/2014,1,3,Rep. Randy Hultgren, R,Ill.,48
3/2/2014,FALSE,3/2/2014,2,3,3/2/2014,,,
"Rep. Ami Bera, D-Calif., 49",TRUE,3/2/2014,2,3,Rep. Ami Bera, D,Calif.,49
"Rep. Rosa DeLauro, D-Conn., 71",TRUE,3/2/2014,2,3,Rep. Rosa DeLauro, D,Conn.,71
3/3/2014,FALSE,3/3/2014,3,3,3/3/2014,,,
"Rep. Paul Cook, R-Calif., 71",TRUE,3/3/2014,3,3,Rep. Paul Cook, R,Calif.,71
"Rep. David Schweikert, R-Ariz., 52",TRUE,3/3/2014,3,3,Rep. David Schweikert, R,Ariz.,52
3/4/2014,FALSE,3/4/2014,4,3,3/4/2014,,,
"Rep. James Lankford, R-Okla., 46",TRUE,3/4/2014,4,3,Rep. James Lankford, R,Okla.,46
"Rep. Christopher H. Smith, R-N.J., 61",TRUE,3/4/2014,4,3,Rep. Christopher H. Smith, R,N.J.,61
3/7/2014,FALSE,3/7/2014,7,3,3/7/2014,,,
"Rep. Juan C. Vargas, D-Calif., 53",TRUE,3/7/2014,7,3,Rep. Juan C. Vargas, D,Calif.,53
3/8/2014,FALSE,3/8/2014,8,3,3/8/2014,,,
"Rep. Alan Lowenthal, D-Calif., 73",TRUE,3/8/2014,8,3,Rep. Alan Lowenthal, D,Calif.,73
3/12/2014,FALSE,3/12/2014,12,3,3/12/2014,,,
"Rep. Joyce Beatty, D-Ill., 64",TRUE,3/12/2014,12,3,Rep. Joyce Beatty, D,Ill.,64
"Rep. Tammy Duckworth, D-Ill., 46",TRUE,3/12/2014,12,3,Rep. Tammy Duckworth, D,Ill.,46
3/13/2014,FALSE,3/13/2014,13,3,3/13/2014,,,
"Rep. Alan Grayson, D-Fla., 56",TRUE,3/13/2014,13,3,Rep. Alan Grayson, D,Fla.,56
"Sen. John Hoeven, R-N.D., 57",TRUE,3/13/2014,13,3,Sen. John Hoeven, R,N.D.,57
3/14/2014,FALSE,3/14/2014,14,3,3/14/2014,,,
"Sen. Tom Coburn, R-Okla., 66",TRUE,3/14/2014,14,3,Sen. Tom Coburn, R,Okla.,66
3/15/2014,FALSE,3/15/2014,15,3,3/15/2014,,,
"Rep. Morgan Griffith, R-Va., 56",TRUE,3/15/2014,15,3,Rep. Morgan Griffith, R,Va.,56
3/16/2014,FALSE,3/16/2014,16,3,3/16/2014,,,
"Rep. Joseph Crowley, D-N.Y., 52",TRUE,3/16/2014,16,3,Rep. Joseph Crowley, D,N.Y.,52
"Rep. Ron Kind, D-Wis., 51",TRUE,3/16/2014,16,3,Rep. Ron Kind, D,Wis.,51
3/17/2014,FALSE,3/17/2014,17,3,3/17/2014,,,
"Rep. David Joyce, R-Ohio, 57",TRUE,3/17/2014,17,3,Rep. David Joyce, R,Ohio,57
3/18/2014,FALSE,3/18/2014,18,3,3/18/2014,,,
"Rep. Howard Coble, R-N.C., 83",TRUE,3/18/2014,18,3,Rep. Howard Coble, R,N.C.,83
3/19/2014,FALSE,3/19/2014,19,3,3/19/2014,,,
"Rep. Mike Coffman, R-Colo., 59",TRUE,3/19/2014,19,3,Rep. Mike Coffman, R,Colo.,59
3/21/2014,FALSE,3/21/2014,21,3,3/21/2014,,,
"Rep. Jim Matheson, D-Utah, 54",TRUE,3/21/2014,21,3,Rep. Jim Matheson, D,Utah,54
3/22/2014,FALSE,3/22/2014,22,3,3/22/2014,,,
"Sen. Orrin G. Hatch, R-Utah, 80",TRUE,3/22/2014,22,3,Sen. Orrin G. Hatch, R,Utah,80
"Rep. Pete Sessions, R-Texas, 59",TRUE,3/22/2014,22,3,Rep. Pete Sessions, R,Texas,59
3/24/2014,FALSE,3/24/2014,24,3,3/24/2014,,,
"Rep. Ann Kirkpatrick, D-Ariz., 64",TRUE,3/24/2014,24,3,Rep. Ann Kirkpatrick, D,Ariz.,64
"Rep. Steve Stivers, R-Ohio, 49",TRUE,3/24/2014,24,3,Rep. Steve Stivers, R,Ohio,49
3/26/2014,FALSE,3/26/2014,26,3,3/26/2014,,,
"Rep. Jason Chaffetz, R-Utah, 47",TRUE,3/26/2014,26,3,Rep. Jason Chaffetz, R,Utah,47
"Rep. Nancy Pelosi, D-Calif., 74",TRUE,3/26/2014,26,3,Rep. Nancy Pelosi, D,Calif.,74
3/28/2014,FALSE,3/28/2014,28,3,3/28/2014,,,
"Rep. David B. McKinley, R-W.Va., 67",TRUE,3/28/2014,28,3,Rep. David B. McKinley, R,W.Va.,67
"Rep. Nydia M. Velazquez, D-N.Y., 61",TRUE,3/28/2014,28,3,Rep. Nydia M. Velazquez, D,N.Y.,61
3/30/2014,FALSE,3/30/2014,30,3,3/30/2014,,,
"Sen. Mark Begich, D-Alaska, 52",TRUE,3/30/2014,30,3,Sen. Mark Begich, D,Alaska,52
"Rep. Gerald E. Connolly, D-Va., 64",TRUE,3/30/2014,30,3,Rep. Gerald E. Connolly, D,Va.,64
"Rep. Janice Hahn, D-Calif., 62",TRUE,3/30/2014,30,3,Rep. Janice Hahn, D,Calif.,62
"Rep. Patrick Murphy, D-Fla., 31",TRUE,3/30/2014,30,3,Rep. Patrick Murphy, D,Fla.,31
3/31/2014,FALSE,3/31/2014,31,3,3/31/2014,,,
"Rep. Tony Cardenas, D-Calif., 51",TRUE,3/31/2014,31,3,Rep. Tony Cardenas, D,Calif.,51
"Sen. Angus King, I-Maine, 70",TRUE,3/31/2014,31,3,Sen. Angus King, I,Maine,70
"Sen. Patrick J. Leahy, D-Vt., 74",TRUE,3/31/2014,31,3,Sen. Patrick J. Leahy, D,Vt.,74
"Rep. Stephen F. Lynch, D-Mass., 59",TRUE,3/31/2014,31,3,Rep. Stephen F. Lynch, D,Mass.,59
4/2/2014,FALSE,4/2/2014,2,4,4/2/2014,,,
"Rep. Chellie Pingree, D-Maine, 59",TRUE,4/2/2014,2,4,Rep. Chellie Pingree, D,Maine,59
"Rep. Lynn Westmoreland, R-Ga., 64",TRUE,4/2/2014,2,4,Rep. Lynn Westmoreland, R,Ga.,64
4/5/2014,FALSE,4/5/2014,5,4,4/5/2014,,,
"Rep. Peter T. King, R-N.Y., 70",TRUE,4/5/2014,5,4,Rep. Peter T. King, R,N.Y.,70
"Rep. Reid Ribble, R-Wis., 58",TRUE,4/5/2014,5,4,Rep. Reid Ribble, R,Wis.,58
4/6/2014,FALSE,4/6/2014,6,4,4/6/2014,,,
"Rep. Michele Bachmann, R-Minn., 58",TRUE,4/6/2014,6,4,Rep. Michele Bachmann, R,Minn.,58
"Rep. Joe Courtney, D-Conn., 61",TRUE,4/6/2014,6,4,Rep. Joe Courtney, D,Conn.,61
"Rep. Tim Walz, D-Minn., 50",TRUE,4/6/2014,6,4,Rep. Tim Walz, D,Minn.,50
4/7/2014,FALSE,4/7/2014,7,4,4/7/2014,,,
"Rep. Robert A. Brady, D-Pa., 69",TRUE,4/7/2014,7,4,Rep. Robert A. Brady, D,Pa.,69
4/8/2014,FALSE,4/8/2014,8,4,4/8/2014,,,
"Sen. Ron Johnson, R-Wis., 59",TRUE,4/8/2014,8,4,Sen. Ron Johnson, R,Wis.,59
4/11/2014,FALSE,4/11/2014,11,4,4/11/2014,,,
"Rep. Kevin Brady, R-Texas, 59",TRUE,4/11/2014,11,4,Rep. Kevin Brady, R,Texas,59
4/12/2014,FALSE,4/12/2014,12,4,4/12/2014,,,
"Rep. Tulsi Gabbard, D-Hawaii, 33",TRUE,4/12/2014,12,4,Rep. Tulsi Gabbard, D,Hawaii,33
"Rep. Tim Walberg, R-Mich., 61",TRUE,4/12/2014,12,4,Rep. Tim Walberg, R,Mich.,61
4/13/2014,FALSE,4/13/2014,13,4,4/13/2014,,,
"Sen. Bob Casey, D-Pa., 54",TRUE,4/13/2014,13,4,Sen. Bob Casey, D,Pa.,54
"Rep. Jim Costa, D-Calif., 62",TRUE,4/13/2014,13,4,Rep. Jim Costa, D,Calif.,62
"Rep. Susan A. Davis, D-Calif., 70",TRUE,4/13/2014,13,4,Rep. Susan A. Davis, D,Calif.,70
"Rep. Ted Yoho, R-Fla., 59",TRUE,4/13/2014,13,4,Rep. Ted Yoho, R,Fla.,59
4/14/2014,FALSE,4/14/2014,14,4,4/14/2014,,,
"Rep. David Valadao, R-Calif., 37",TRUE,4/14/2014,14,4,Rep. David Valadao, R,Calif.,37
4/16/2014,FALSE,4/16/2014,16,4,4/16/2014,,,
"Rep. John Delaney, D-Md., 51",TRUE,4/16/2014,16,4,Rep. John Delaney, D,Md.,51
4/17/2014,FALSE,4/17/2014,17,4,4/17/2014,,,
"Rep. George Holding, R-N.C,, 46",TRUE,4/17/2014,17,4,Rep. George Holding, R,N.C,46
4/18/2014,FALSE,4/18/2014,18,4,4/18/2014,,,
"Rep. Justin Amash, R-Mich., 34",TRUE,4/18/2014,18,4,Rep. Justin Amash, R,Mich.,34
"Rep. Bob Latta, R-Ohio, 58",TRUE,4/18/2014,18,4,Rep. Bob Latta, R,Ohio,58
"Rep. Gwen Moore, D-Wis., 63",TRUE,4/18/2014,18,4,Rep. Gwen Moore, D,Wis.,63
4/20/2014,FALSE,4/20/2014,20,4,4/20/2014,,,
"Rep. Dan Benishek, R-Mich., 62",TRUE,4/20/2014,20,4,Rep. Dan Benishek, R,Mich.,62
"Sen. Pat Roberts, R-Kan., 78",TRUE,4/20/2014,20,4,Sen. Pat Roberts, R,Kan.,78
4/22/2014,FALSE,4/22/2014,22,4,4/22/2014,,,
"Rep. Jim Langevin, D-R.I., 50",TRUE,4/22/2014,22,4,Rep. Jim Langevin, D,R.I.,50
4/23/2014,FALSE,4/23/2014,23,4,4/23/2014,,,
"Rep. Fred Upton, R-Mich., 61",TRUE,4/23/2014,23,4,Rep. Fred Upton, R,Mich.,61
4/24/2014,FALSE,4/24/2014,24,4,4/24/2014,,,
"Rep. Jack Kingston, R-Ga., 59",TRUE,4/24/2014,24,4,Rep. Jack Kingston, R,Ga.,59
4/25/2014,FALSE,4/25/2014,25,4,4/25/2014,,,
"Rep. Keith Rothfus, R-Pa., 52",TRUE,4/25/2014,25,4,Rep. Keith Rothfus, R,Pa.,52
4/26/2014,FALSE,4/26/2014,26,4,4/26/2014,,,
"Del. Pedro R. Pierluisi, D-P.R., 55",TRUE,4/26/2014,26,4,Del. Pedro R. Pierluisi, D,P.R.,55
"Rep. Niki Tsongas, D-Mass., 68",TRUE,4/26/2014,26,4,Rep. Niki Tsongas, D,Mass.,68
4/27/2014,FALSE,4/27/2014,27,4,4/27/2014,,,
"Sen. Cory Booker, D-N.J., 46",TRUE,4/27/2014,27,4,Sen. Cory Booker, D,N.J.,46
"Rep. G.K. Butterfield, D-N.C., 67",TRUE,4/27/2014,27,4,Rep. G.K. Butterfield, D,N.C.,67
"Rep. Daniel Webster, R-Fla., 65",TRUE,4/27/2014,27,4,Rep. Daniel Webster, R,Fla.,65
4/28/2014,FALSE,4/28/2014,28,4,4/28/2014,,,
"Rep. Tom Cole, R-Okla., 65",TRUE,4/28/2014,28,4,Rep. Tom Cole, R,Okla.,65
4/29/2014,FALSE,4/29/2014,29,4,4/29/2014,,,
"Rep. Mo Brooks, R-Ala., 60",TRUE,4/29/2014,29,4,Rep. Mo Brooks, R,Ala.,60
"Rep. Rodney Frelinghuysen, R-N.J., 68",TRUE,4/29/2014,29,4,Rep. Rodney Frelinghuysen, R,N.J.,68
"Rep. Steven Horsford, D-Nev., 41",TRUE,4/29/2014,29,4,Rep. Steven Horsford, D,Nev.,41
"Sen. Debbie Stabenow, D-Mich., 64",TRUE,4/29/2014,29,4,Sen. Debbie Stabenow, D,Mich.,64
4/30/2014,FALSE,4/30/2014,30,4,4/30/2014,,,
"Rep. Robin Kelly, D-Ill., 58",TRUE,4/30/2014,30,4,Rep. Robin Kelly, D,Ill.,58
"Rep. Robert C. Scott, D-Va., 67",TRUE,4/30/2014,30,4,Rep. Robert C. Scott, D,Va.,67
5/1/2014,FALSE,5/1/2014,1,5,5/1/2014,,,
"Rep. Matt Cartwright, D-Pa., 53",TRUE,5/1/2014,1,5,Rep. Matt Cartwright, D,Pa.,53
"Rep. Ed Perlmutter, D-Colo., 61",TRUE,5/1/2014,1,5,Rep. Ed Perlmutter, D,Colo.,61
5/2/2014,FALSE,5/2/2014,2,5,5/2/2014,,,
"Rep. Peter Welch, D-Vt., 67",TRUE,5/2/2014,2,5,Rep. Peter Welch, D,Vt.,67
5/3/2014,FALSE,5/3/2014,3,5,5/3/2014,,,
"Rep. Ralph M. Hall, R-Texas, 91",TRUE,5/3/2014,3,5,Rep. Ralph M. Hall, R,Texas,91
"Sen. Jim Risch, R-Idaho, 71",TRUE,5/3/2014,3,5,Sen. Jim Risch, R,Idaho,71
"Sen. David Vitter, D-La., 53",TRUE,5/3/2014,3,5,Sen. David Vitter, D,La.,53
"Sen. Ron Wyden, D-Ore., 65",TRUE,5/3/2014,3,5,Sen. Ron Wyden, D,Ore.,65
5/4/2014,FALSE,5/4/2014,4,5,5/4/2014,,,
"Rep. Colleen Hanabusa, D-Hawaii, 63",TRUE,5/4/2014,4,5,Rep. Colleen Hanabusa, D,Hawaii,63
5/6/2014,FALSE,5/6/2014,6,5,5/6/2014,,,
"Sen. Richard C. Shelby, R-Ala., 80",TRUE,5/6/2014,6,5,Sen. Richard C. Shelby, R,Ala.,80
5/7/2014,FALSE,5/7/2014,7,5,5/7/2014,,,
"Rep. Ted Deutch, D-Fla., 48",TRUE,5/7/2014,7,5,Rep. Ted Deutch, D,Fla.,48
"Rep. Blaine Luetkemeyer, R-Mo., 62",TRUE,5/7/2014,7,5,Rep. Blaine Luetkemeyer, R,Mo.,62
"Rep. Candice S. Miller, R-Mich., 60",TRUE,5/7/2014,7,5,Rep. Candice S. Miller, R,Mich.,60
5/8/2014,FALSE,5/8/2014,8,5,5/8/2014,,,
"Rep. Vern Buchanan, R-Fla., 63",TRUE,5/8/2014,8,5,Rep. Vern Buchanan, R,Fla.,63
5/10/2014,FALSE,5/10/2014,10,5,5/10/2014,,,
"Sen. Dean Heller, R-Nev., 52",TRUE,5/10/2014,10,5,Sen. Dean Heller, R,Nev.,52
"Rep. Mike Kelly, R-Pa., 66",TRUE,5/10/2014,10,5,Rep. Mike Kelly, R,Pa.,66
5/12/2014,FALSE,5/12/2014,12,5,5/12/2014,,,
"Rep. Frank A. LoBiondo, R-N.J., 68",TRUE,5/12/2014,12,5,Rep. Frank A. LoBiondo, R,N.J.,68
"Rep. Jared Polis, D-Colo., 39",TRUE,5/12/2014,12,5,Rep. Jared Polis, D,Colo.,39
5/13/2014,FALSE,5/13/2014,13,5,5/13/2014,,,
"Rep. Tom Cotton, R-Ark., 37",TRUE,5/13/2014,13,5,Rep. Tom Cotton, R,Ark.,37
"Rep. Chris Gibson, R-N.Y., 50",TRUE,5/13/2014,13,5,Rep. Chris Gibson, R,N.Y.,50
5/14/2014,FALSE,5/14/2014,14,5,5/14/2014,,,
"Rep. Paul Broun, R-Ga.,68",TRUE,5/14/2014,14,5,Rep. Paul Broun, R,Ga.,68
"Rep. Erik Paulsen, R-Minn., 49",TRUE,5/14/2014,14,5,Rep. Erik Paulsen, R,Minn.,49
"Rep. Jackie Speier, D-Calif., 64",TRUE,5/14/2014,14,5,Rep. Jackie Speier, D,Calif.,64
5/16/2014,FALSE,5/16/2014,16,5,5/16/2014,,,
"Sen. Dan Coats, R-Ind., 71",TRUE,5/16/2014,16,5,Sen. Dan Coats, R,Ind.,71
"Rep. John Conyers Jr., D-Mich., 85",TRUE,5/16/2014,16,5,Rep. John Conyers Jr., D,Mich.,85
"Rep. Lois Frankel, D-Fla., 66",TRUE,5/16/2014,16,5,Rep. Lois Frankel, D,Fla.,66
"Rep. James P. Moran, D-Va., 69",TRUE,5/16/2014,16,5,Rep. James P. Moran, D,Va.,69
5/17/2014,FALSE,5/17/2014,17,5,5/17/2014,,,
"Rep. George Miller, D-Calif., 69",TRUE,5/17/2014,17,5,Rep. George Miller, D,Calif.,69
5/18/2014,FALSE,5/18/2014,18,5,5/18/2014,,,
"Sen. Tom Udall, D-N.M., 66",TRUE,5/18/2014,18,5,Sen. Tom Udall, D,N.M.,66
5/20/2014,FALSE,5/20/2014,20,5,5/20/2014,,,
"Rep. John Carney, D-Del., 58",TRUE,5/20/2014,20,5,Rep. John Carney, D,Del.,58
"Rep. Chris Collins, R-N.Y., 64",TRUE,5/20/2014,20,5,Rep. Chris Collins, R,N.Y.,64
"Sen. Michael D. Crapo, R-Idaho, 63",TRUE,5/20/2014,20,5,Sen. Michael D. Crapo, R,Idaho,63
"Rep. Nick J. Rahall II, D-W.Va., 65",TRUE,5/20/2014,20,5,Rep. Nick J. Rahall II, D,W.Va.,65
5/21/2014,FALSE,5/21/2014,21,5,5/21/2014,,,
"Sen. Al Franken, D-Minn., 63",TRUE,5/21/2014,21,5,Sen. Al Franken, D,Minn.,63
5/22/2014,FALSE,5/22/2014,22,5,5/22/2014,,,
"Rep. Cathy McMorris Rodgers, R-Wash., 45",TRUE,5/22/2014,22,5,Rep. Cathy McMorris Rodgers, R,Wash.,45
"Sen. Lisa Murkowski, R-Alaska, 57",TRUE,5/22/2014,22,5,Sen. Lisa Murkowski, R,Alaska,57
"Rep. John Sarbanes, D-Md., 52",TRUE,5/22/2014,22,5,Rep. John Sarbanes, D,Md.,52
5/23/2014,FALSE,5/23/2014,23,5,5/23/2014,,,
"Rep. Dina Titus, D-Nev., 64",TRUE,5/23/2014,23,5,Rep. Dina Titus, D,Nev.,64
5/24/2014,FALSE,5/24/2014,24,5,5/24/2014,,,
"Rep. Steve Cohen, D-Tenn., 65",TRUE,5/24/2014,24,5,Rep. Steve Cohen, D,Tenn.,65
"Rep. Charlie Dent, R-Pa., 54",TRUE,5/24/2014,24,5,Rep. Charlie Dent, R,Pa.,54
"Rep. Doug Lamborn, R-Colo., 60",TRUE,5/24/2014,24,5,Rep. Doug Lamborn, R,Colo.,60
5/25/2014,FALSE,5/25/2014,25,5,5/25/2014,,,
"Sen. Amy Klobuchar, D-Minn., 54",TRUE,5/25/2014,25,5,Sen. Amy Klobuchar, D,Minn.,54
"Rep. Edward Whitfield, R-Ky., 71",TRUE,5/25/2014,25,5,Rep. Edward Whitfield, R,Ky.,71
5/26/2014,FALSE,5/26/2014,26,5,5/26/2014,,,
"Sen. Kay Hagan, D-N.C., 61",TRUE,5/26/2014,26,5,Sen. Kay Hagan, D,N.C.,61
"Rep. Rich Nugent, R-Fla., 63",TRUE,5/26/2014,26,5,Rep. Rich Nugent, R,Fla.,63
"Rep. Jan Schakowsky, D-Ill., 70",TRUE,5/26/2014,26,5,Rep. Jan Schakowsky, D,Ill.,70
5/27/2014,FALSE,5/27/2014,27,5,5/27/2014,,,
"Rep. Peter A. DeFazio, D-Ore., 67",TRUE,5/27/2014,27,5,Rep. Peter A. DeFazio, D,Ore.,67
"Rep. Scott Perry, R-Pa., 52",TRUE,5/27/2014,27,5,Rep. Scott Perry, R,Pa.,52
5/28/2014,FALSE,5/28/2014,28,5,5/28/2014,,,
"Rep. Steve King, R-Iowa, 65",TRUE,5/28/2014,28,5,Rep. Steve King, R,Iowa,65
"Rep. Tom Petri, R-Wis., 74",TRUE,5/28/2014,28,5,Rep. Tom Petri, R,Wis.,74
"Rep. Scott Rigell, R-Va., 54",TRUE,5/28/2014,28,5,Rep. Scott Rigell, R,Va.,54
"Sen. Marco Rubio, R-Fla., 43",TRUE,5/28/2014,28,5,Sen. Marco Rubio, R,Fla.,43
"Rep. Aaron Schock, R-Ill., 33",TRUE,5/28/2014,28,5,Rep. Aaron Schock, R,Ill.,33
5/29/2014,FALSE,5/29/2014,29,5,5/29/2014,,,
"Rep. Jeb Hensarling, R-Texas, 57",TRUE,5/29/2014,29,5,Rep. Jeb Hensarling, R,Texas,57
"Sen. Jerry Moran, R-Kan, 60",TRUE,5/29/2014,29,5,Sen. Jerry Moran, R,Kan,60
5/30/2014,FALSE,5/30/2014,30,5,5/30/2014,,,
"Rep. Steve Israel, D-N.Y., 56",TRUE,5/30/2014,30,5,Rep. Steve Israel, D,N.Y.,56
5/31/2014,FALSE,5/31/2014,31,5,5/31/2014,,,
"Del. Madeleine Z. Bordallo, D-Guam, 81",TRUE,5/31/2014,31,5,Del. Madeleine Z. Bordallo, D,Guam,81
"Rep. Larry Bucshon, R-Ind., 52",TRUE,5/31/2014,31,5,Rep. Larry Bucshon, R,Ind.,52
6/1/2014,FALSE,6/1/2014,1,6,6/1/2014,,,
"Rep. Timothy H. Bishop, D-N.Y., 64",TRUE,6/1/2014,1,6,Rep. Timothy H. Bishop, D,N.Y.,64
"Rep. Gregg Harper, R-Miss., 58",TRUE,6/1/2014,1,6,Rep. Gregg Harper, R,Miss.,58
6/2/2014,FALSE,6/2/2014,2,6,6/2/2014,,,
"Rep. Mike Rogers, R-Mich., 51",TRUE,6/2/2014,2,6,Rep. Mike Rogers, R,Mich.,51
6/4/2014,FALSE,6/4/2014,4,6,6/4/2014,,,
"Sen. Mike Lee, R-Utah, 43",TRUE,6/4/2014,4,6,Sen. Mike Lee, R,Utah,43
6/6/2014,FALSE,6/6/2014,6,6,6/6/2014,,,
"Rep. Marsha Blackburn, R-Tenn., 62",TRUE,6/6/2014,6,6,Rep. Marsha Blackburn, R,Tenn.,62
"Rep. Eric Cantor, R-Va., 51",TRUE,6/6/2014,6,6,Rep. Eric Cantor, R,Va.,51
6/7/2014,FALSE,6/7/2014,7,6,6/7/2014,,,
"Rep. Ben Ray Lujan, D-N.M., 42",TRUE,6/7/2014,7,6,Rep. Ben Ray Lujan, D,N.M.,42
6/8/2014,FALSE,6/8/2014,8,6,6/8/2014,,,
"Rep. Ken Calvert, R-Calif., 61",TRUE,6/8/2014,8,6,Rep. Ken Calvert, R,Calif.,61
6/9/2014,FALSE,6/9/2014,9,6,6/9/2014,,,
"Rep. Don Young, R-Alaska, 81",TRUE,6/9/2014,9,6,Rep. Don Young, R,Alaska,81
6/10/2014,FALSE,6/10/2014,10,6,6/10/2014,,,
"Rep. Lynn Jenkins, R-Kan., 51",TRUE,6/10/2014,10,6,Rep. Lynn Jenkins, R,Kan.,51
6/11/2014,FALSE,6/11/2014,11,6,6/11/2014,,,
"Rep. Charles B. Rangel, D-N.Y., 84",TRUE,6/11/2014,11,6,Rep. Charles B. Rangel, D,N.Y.,84
"Rep. K. Michael Conaway, R-Texas, 66",TRUE,6/11/2014,11,6,Rep. K. Michael Conaway, R,Texas,66
6/12/2014,FALSE,6/12/2014,12,6,6/12/2014,,,
"Rep. Lucille Roybal Allard, D-Calif., 73",TRUE,6/12/2014,12,6,Rep. Lucille Roybal Allard, D,Calif.,73
"Rep. Mark Amodei, R-Nev., 56",TRUE,6/12/2014,12,6,Rep. Mark Amodei, R,Nev.,56
6/13/2014,FALSE,6/13/2014,13,6,6/13/2014,,,
"Rep. Jerrold Nadler, D-N.Y., 67",TRUE,6/13/2014,13,6,Rep. Jerrold Nadler, D,N.Y.,67
"Del. Eleanor Holmes Norton, D-D.C., 77",TRUE,6/13/2014,13,6,Del. Eleanor Holmes Norton, D,D.C.,77
6/14/2014,FALSE,6/14/2014,14,6,6/14/2014,,,
"Rep. Bob Gibbs, R-Ohio, 60",TRUE,6/14/2014,14,6,Rep. Bob Gibbs, R,Ohio,60
"Rep. Steny H. Hoyer, D-Md., 75",TRUE,6/14/2014,14,6,Rep. Steny H. Hoyer, D,Md.,75
"Rep. Jim Sensenbrenner, R-Wis., 71",TRUE,6/14/2014,14,6,Rep. Jim Sensenbrenner, R,Wis.,71
6/15/2014,FALSE,6/15/2014,15,6,6/15/2014,,,
"Rep. Jim Bridenstine, R-Okla., 39",TRUE,6/15/2014,15,6,Rep. Jim Bridenstine, R,Okla.,39
"Rep. Rick Larsen, D-Wash., 49",TRUE,6/15/2014,15,6,Rep. Rick Larsen, D,Wash.,49
"Rep. Adam Smith, D-Wash., 49",TRUE,6/15/2014,15,6,Rep. Adam Smith, D,Wash.,49
6/16/2014,FALSE,6/16/2014,16,6,6/16/2014,,,
"Rep. Robert Hurt, R-Va., 45",TRUE,6/16/2014,16,6,Rep. Robert Hurt, R,Va.,45
"Rep. Jason Smith, R-Mo., 34",TRUE,6/16/2014,16,6,Rep. Jason Smith, R,Mo.,34
6/17/2014,FALSE,6/17/2014,17,6,6/17/2014,,,
"Rep. Marcy Kaptur, D-Ohio, 68",TRUE,6/17/2014,17,6,Rep. Marcy Kaptur, D,Ohio,68
"Rep. Scott Peters, D-Calif., 56",TRUE,6/17/2014,17,6,Rep. Scott Peters, D,Calif.,56
"Rep. Brad Wenstrup, R-Ohio, 56",TRUE,6/17/2014,17,6,Rep. Brad Wenstrup, R,Ohio,56
6/18/2014,FALSE,6/18/2014,18,6,6/18/2014,,,
"Sen. Mike Johanns, R-Neb., 64",TRUE,6/18/2014,18,6,Sen. Mike Johanns, R,Neb.,64
"Rep. Jerry McNerney, D-Calif., 63",TRUE,6/18/2014,18,6,Rep. Jerry McNerney, D,Calif.,63
"Sen. Jay Rockefeller, D-W.Va., 77",TRUE,6/18/2014,18,6,Sen. Jay Rockefeller, D,W.Va.,77
"Rep. Paul Tonko, D-N.Y., 65",TRUE,6/18/2014,18,6,Rep. Paul Tonko, D,N.Y.,65
6/19/2014,FALSE,6/19/2014,19,6,6/19/2014,,,
"Rep. Jim Cooper, D-Tenn., 60",TRUE,6/19/2014,19,6,Rep. Jim Cooper, D,Tenn.,60
"Rep. Trent Franks, R-Ariz., 57",TRUE,6/19/2014,19,6,Rep. Trent Franks, R,Ariz.,57
6/21/2014,FALSE,6/21/2014,21,6,6/21/2014,,,
"Rep. Dana Rohrabacher, R-Calif., 67",TRUE,6/21/2014,21,6,Rep. Dana Rohrabacher, R,Calif.,67
6/22/2014,FALSE,6/22/2014,22,6,6/22/2014,,,
"Sen. Dianne Feinstein, D-Calif., 81",TRUE,6/22/2014,22,6,Sen. Dianne Feinstein, D,Calif.,81
"Rep. Adam B. Schiff, D-Calif., 54",TRUE,6/22/2014,22,6,Rep. Adam B. Schiff, D,Calif.,54
"Sen. Elizabeth Warren, D-Mass., 65",TRUE,6/22/2014,22,6,Sen. Elizabeth Warren, D,Mass.,65
6/25/2014,FALSE,6/25/2014,25,6,6/25/2014,,,
"Rep. Leonard Lance, R-N.J., 62",TRUE,6/25/2014,25,6,Rep. Leonard Lance, R,N.J.,62
6/27/2014,FALSE,6/27/2014,27,6,6/27/2014,,,
"Sen. Kelly Ayotte, R-N.H., 46",TRUE,6/27/2014,27,6,Sen. Kelly Ayotte, R,N.H.,46
"Rep. Michael M. Honda, D-Calif., 73",TRUE,6/27/2014,27,6,Rep. Michael M. Honda, D,Calif.,73
"Rep. Jeff Miller, R-Fla., 55",TRUE,6/27/2014,27,6,Rep. Jeff Miller, R,Fla.,55
"Rep. David Scott, D-Ga., 69",TRUE,6/27/2014,27,6,Rep. David Scott, D,Ga.,69
6/28/2014,FALSE,6/28/2014,28,6,6/28/2014,,,
"Rep. Donna Edwards, D-Md., 56",TRUE,6/28/2014,28,6,Rep. Donna Edwards, D,Md.,56
"Rep. Michael G. Fitzpatrick, R-Pa., 51",TRUE,6/28/2014,28,6,Rep. Michael G. Fitzpatrick, R,Pa.,51
"Sen. Carl Levin, D-Mich., 80",TRUE,6/28/2014,28,6,Sen. Carl Levin, D,Mich.,80
"Rep. Ed Pastor, D-Ariz., 71",TRUE,6/28/2014,28,6,Rep. Ed Pastor, D,Ariz.,71
6/29/2014,FALSE,6/29/2014,29,6,6/29/2014,,,
"Rep. Virginia Foxx, R-N.C., 71",TRUE,6/29/2014,29,6,Rep. Virginia Foxx, R,N.C.,71
"Rep. Collin C. Peterson, D-Minn., 70",TRUE,6/29/2014,29,6,Rep. Collin C. Peterson, D,Minn.,70
7/2/2014,FALSE,7/2/2014,2,7,7/2/2014,,,
"Rep. Doug LaMalfa, R-Calif., 54",TRUE,7/2/2014,2,7,Rep. Doug LaMalfa, R,Calif.,54
"Rep. Randy Weber, R-Texas, 61",TRUE,7/2/2014,2,7,Rep. Randy Weber, R,Texas,61
7/3/2014,FALSE,7/3/2014,3,7,7/3/2014,,,
"Sen. Lamar Alexander, R-Tenn., 74",TRUE,7/3/2014,3,7,Sen. Lamar Alexander, R,Tenn.,74
7/4/2014,FALSE,7/4/2014,4,7,7/4/2014,,,
"Rep. Sam Farr, D-Calif., 73",TRUE,7/4/2014,4,7,Rep. Sam Farr, D,Calif.,73
"Rep. Dan Maffei, D-N.Y., 46",TRUE,7/4/2014,4,7,Rep. Dan Maffei, D,N.Y.,46
7/5/2014,FALSE,7/5/2014,5,7,7/5/2014,,,
"Rep. John Fleming, R-La., 63",TRUE,7/5/2014,5,7,Rep. John Fleming, R,La.,63
"Rep. Jim Himes, D-Conn., 48",TRUE,7/5/2014,5,7,Rep. Jim Himes, D,Conn.,48
"Rep. Nita M. Lowey, D-N.Y., 77",TRUE,7/5/2014,5,7,Rep. Nita M. Lowey, D,N.Y.,77
"Sen. Roger Wicker, R-Miss., 63",TRUE,7/5/2014,5,7,Sen. Roger Wicker, R,Miss.,63
7/7/2014,FALSE,7/7/2014,7,7,7/7/2014,,,
"Rep. Judy Chu, D-Calif., 61",TRUE,7/7/2014,7,7,Rep. Judy Chu, D,Calif.,61
7/8/2014,FALSE,7/8/2014,8,7,7/8/2014,,,
"Rep. John D. Dingell, D-Mich., 88",TRUE,7/8/2014,8,7,Rep. John D. Dingell, D,Mich.,88
7/9/2014,FALSE,7/9/2014,9,7,7/9/2014,,,
"Rep. Dave Camp, R-Mich., 61",TRUE,7/9/2014,9,7,Rep. Dave Camp, R,Mich.,61
"Rep. Scott Garrett, R-N.J., 55",TRUE,7/9/2014,9,7,Rep. Scott Garrett, R,N.J.,55
"Sen. Lindsey Graham, R-S.C., 59",TRUE,7/9/2014,9,7,Sen. Lindsey Graham, R,S.C.,59
7/10/2014,FALSE,7/10/2014,10,7,7/10/2014,,,
"Rep. Phil Gingrey, R-Ga., 72",TRUE,7/10/2014,10,7,Rep. Phil Gingrey, R,Ga.,72
"Rep. Tom McClintock, R-Calif., 58",TRUE,7/10/2014,10,7,Rep. Tom McClintock, R,Calif.,58
7/11/2014,FALSE,7/11/2014,11,7,7/11/2014,,,
"Sen. Edward J. Markey, D-Mass., 68",TRUE,7/11/2014,11,7,Sen. Edward J. Markey, D,Mass.,68
7/12/2014,FALSE,7/12/2014,12,7,7/12/2014,,,
"Rep. Betty McCollum, D-Minn., 60",TRUE,7/12/2014,12,7,Rep. Betty McCollum, D,Minn.,60
"Rep. Kyrsten Sinema, D-Ariz., 38",TRUE,7/12/2014,12,7,Rep. Kyrsten Sinema, D,Ariz.,38
7/13/2014,FALSE,7/13/2014,13,7,7/13/2014,,,
"Rep. Rob Bishop, R-Utah, 63",TRUE,7/13/2014,13,7,Rep. Rob Bishop, R,Utah,63
7/14/2014,FALSE,7/14/2014,14,7,7/14/2014,,,
"Rep. Tom Latham, R-Iowa, 66",TRUE,7/14/2014,14,7,Rep. Tom Latham, R,Iowa,66
7/15/2014,FALSE,7/15/2014,15,7,7/15/2014,,,
"Rep. David Cicilline, D-R.I., 53",TRUE,7/15/2014,15,7,Rep. David Cicilline, D,R.I.,53
"Rep. Daniel Lipinski, D-Ill., 48",TRUE,7/15/2014,15,7,Rep. Daniel Lipinski, D,Ill.,48
"Rep. Ileana Ros Lehtinen, R-Fla., 62",TRUE,7/15/2014,15,7,Rep. Ileana Ros Lehtinen, R,Fla.,62
"Rep. Chris Stewart, R-Utah, 54",TRUE,7/15/2014,15,7,Rep. Chris Stewart, R,Utah,54
"Rep. Mac Thornberry, R-Texas, 56",TRUE,7/15/2014,15,7,Rep. Mac Thornberry, R,Texas,56
7/16/2014,FALSE,7/16/2014,16,7,7/16/2014,,,
"Rep. Barbara Lee, D-Calif., 68",TRUE,7/16/2014,16,7,Rep. Barbara Lee, D,Calif.,68
"Rep. Mike D. Rogers, R-Ala., 56",TRUE,7/16/2014,16,7,Rep. Mike D. Rogers, R,Ala.,56
"Rep. Tim Ryan, D-Ohio, 41",TRUE,7/16/2014,16,7,Rep. Tim Ryan, D,Ohio,41
7/17/2014,FALSE,7/17/2014,17,7,7/17/2014,,,
"Rep. Katherine M. Clark, D-Mass., 51",TRUE,7/17/2014,17,7,Rep. Katherine M. Clark, D,Mass.,51
7/18/2014,FALSE,7/18/2014,18,7,7/18/2014,,,
"Sen. Mark Udall, D-Colo., 64",TRUE,7/18/2014,18,7,Sen. Mark Udall, D,Colo.,64
7/19/2014,FALSE,7/19/2014,19,7,7/19/2014,,,
"Rep. John Campbell, R-Calif., 59",TRUE,7/19/2014,19,7,Rep. John Campbell, R,Calif.,59
7/20/2014,FALSE,7/20/2014,20,7,7/20/2014,,,
"Sen. Barbara A. Mikulski, D-Md., 78",TRUE,7/20/2014,20,7,Sen. Barbara A. Mikulski, D,Md.,78
7/21/2014,FALSE,7/21/2014,21,7,7/21/2014,,,
"Sen. John Barrasso, R-Wyo., 62",TRUE,7/21/2014,21,7,Sen. John Barrasso, R,Wyo.,62
"Rep. James E. Clyburn, D-S.C., 74",TRUE,7/21/2014,21,7,Rep. James E. Clyburn, D,S.C.,74
"Rep. John J. Duncan Jr., R-Tenn., 67",TRUE,7/21/2014,21,7,Rep. John J. Duncan Jr., R,Tenn.,67
"Rep. Mick Mulvaney, R-S.C., 47",TRUE,7/21/2014,21,7,Rep. Mick Mulvaney, R,S.C.,47
"Rep. Phil Roe, R-Tenn., 69",TRUE,7/21/2014,21,7,Rep. Phil Roe, R,Tenn.,69
7/22/2014,FALSE,7/22/2014,22,7,7/22/2014,,,
"Rep. Robert B. Aderholt, R-Ala., 50",TRUE,7/22/2014,22,7,Rep. Robert B. Aderholt, R,Ala.,50
"Rep. John B. Larson, D-Conn., 66",TRUE,7/22/2014,22,7,Rep. John B. Larson, D,Conn.,66
7/24/2014,FALSE,7/24/2014,24,7,7/24/2014,,,
"Rep. Andy Barr, R-Ky., 41",TRUE,7/24/2014,24,7,Rep. Andy Barr, R,Ky.,41
"Sen. Claire McCaskill, D-Mo., 61",TRUE,7/24/2014,24,7,Sen. Claire McCaskill, D,Mo.,61
7/26/2014,FALSE,7/26/2014,26,7,7/26/2014,,,
"Rep. Markwayne Mullin, R-Okla., 37",TRUE,7/26/2014,26,7,Rep. Markwayne Mullin, R,Okla.,37
"Rep. Martha Roby, R-Ala., 38",TRUE,7/26/2014,26,7,Rep. Martha Roby, R,Ala.,38
7/27/2014,FALSE,7/27/2014,27,7,7/27/2014,,,
"Rep. William Lacy Clay, D-Mo., 58",TRUE,7/27/2014,27,7,Rep. William Lacy Clay, D,Mo.,58
"Rep. Glenn Thompson, R-Pa., 55",TRUE,7/27/2014,27,7,Rep. Glenn Thompson, R,Pa.,55
7/28/2014,FALSE,7/28/2014,28,7,7/28/2014,,,
"Rep. Mark Meadows, R-N.C., 55",TRUE,7/28/2014,28,7,Rep. Mark Meadows, R,N.C.,55
7/29/2014,FALSE,7/29/2014,29,7,7/29/2014,,,
"Rep. Diana DeGette, D-Colo., 57",TRUE,7/29/2014,29,7,Rep. Diana DeGette, D,Colo.,57
"Rep. Jeff Denham, R-Calif., 47",TRUE,7/29/2014,29,7,Rep. Jeff Denham, R,Calif.,47
"Rep. Denny Heck, D-Wash., 62",TRUE,7/29/2014,29,7,Rep. Denny Heck, D,Wash.,62
7/30/2014,FALSE,7/30/2014,30,7,7/30/2014,,,
"Rep. Sean Patrick Maloney, D-N.Y., 48",TRUE,7/30/2014,30,7,Rep. Sean Patrick Maloney, D,N.Y.,48
7/31/2014,FALSE,7/31/2014,31,7,7/31/2014,,,
"Rep. Joe Wilson, R-S.C., 67",TRUE,7/31/2014,31,7,Rep. Joe Wilson, R,S.C.,67
8/3/2014,FALSE,8/3/2014,3,8,8/3/2014,,,
"Sen. Christopher S. Murphy, D-Conn., 41",TRUE,8/3/2014,3,8,Sen. Christopher S. Murphy, D,Conn.,41
8/4/2014,FALSE,8/4/2014,4,8,8/4/2014,,,
"Rep. Keith Ellison, D-Minn., 51",TRUE,8/4/2014,4,8,Rep. Keith Ellison, D,Minn.,51
"Rep. Hakeem Jeffries, D-N.Y., 44",TRUE,8/4/2014,4,8,Rep. Hakeem Jeffries, D,N.Y.,44
"Rep. Tom Rice, R-S.C., 57",TRUE,8/4/2014,4,8,Rep. Tom Rice, R,S.C.,57
8/5/2014,FALSE,8/5/2014,5,8,8/5/2014,,,
"Rep. Mike Doyle, D-Pa., 61",TRUE,8/5/2014,5,8,Rep. Mike Doyle, D,Pa.,61
8/6/2014,FALSE,8/6/2014,6,8,8/6/2014,,,
"Rep. Mike McIntyre, D-N.C., 58",TRUE,8/6/2014,6,8,Rep. Mike McIntyre, D,N.C.,58
8/11/2014,FALSE,8/11/2014,11,8,8/11/2014,,,
"Rep. Dan Kildee, D-Mich., 59",TRUE,8/11/2014,11,8,Rep. Dan Kildee, D,Mich.,59
"Rep. Billy Long, R-Mo., 59",TRUE,8/11/2014,11,8,Rep. Billy Long, R,Mo.,59
8/13/2014,FALSE,8/13/2014,13,8,8/13/2014,,,
"Rep. Tom Marino, R-Pa., 62",TRUE,8/13/2014,13,8,Rep. Tom Marino, R,Pa.,62
"Rep. Peter J. Visclosky, D-Ind., 65",TRUE,8/13/2014,13,8,Rep. Peter J. Visclosky, D,Ind.,65
8/14/2014,FALSE,8/14/2014,14,8,8/14/2014,,,
"Rep. Louise M. Slaughter, D-N.Y., 85",TRUE,8/14/2014,14,8,Rep. Louise M. Slaughter, D,N.Y.,85
"Rep. Mark Pocan, D-Wis, 50",TRUE,8/14/2014,14,8,Rep. Mark Pocan, D,Wis,50
8/15/2014,FALSE,8/15/2014,15,8,8/15/2014,,,
"Del. Eni F.H. Faleomavaega, D-A.S., 71",TRUE,8/15/2014,15,8,Del. Eni F.H. Faleomavaega, D,A.S.,71
"Rep. Robert Pittenger, R-N.C., 66",TRUE,8/15/2014,15,8,Rep. Robert Pittenger, R,N.C.,66
"Rep. Maxine Waters, D-Calif., 76",TRUE,8/15/2014,15,8,Rep. Maxine Waters, D,Calif.,76
8/16/2014,FALSE,8/16/2014,16,8,8/16/2014,,,
"Rep. Earl Blumenauer, D-Ore., 66",TRUE,8/16/2014,16,8,Rep. Earl Blumenauer, D,Ore.,66
"Rep. Doug Collins, R-Ga., 48",TRUE,8/16/2014,16,8,Rep. Doug Collins, R,Ga.,48
8/17/2014,FALSE,8/17/2014,17,8,8/17/2014,,,
"Rep. David E. Price, R-N.C., 74",TRUE,8/17/2014,17,8,Rep. David E. Price, R,N.C.,74
"Rep. Jackie Walorski, R-Ind., 51",TRUE,8/17/2014,17,8,Rep. Jackie Walorski, R,Ind.,51
8/18/2014,FALSE,8/18/2014,18,8,8/18/2014,,,
"Rep. Louie Gohmert, R-Texas, 61",TRUE,8/18/2014,18,8,Rep. Louie Gohmert, R,Texas,61
8/20/2014,FALSE,8/20/2014,20,8,8/20/2014,,,
"Rep. Kathy Castor, D-Fla., 48",TRUE,8/20/2014,20,8,Rep. Kathy Castor, D,Fla.,48
"Rep. Steve Daines, R-Mont., 52",TRUE,8/20/2014,20,8,Rep. Steve Daines, R,Mont.,52
"Rep. Ruben Hinojosa, D-Texas, 74",TRUE,8/20/2014,20,8,Rep. Ruben Hinojosa, D,Texas,74
"Rep. Brad Schneider, D-Ill., 53",TRUE,8/20/2014,20,8,Rep. Brad Schneider, D,Ill.,53
8/21/2014,FALSE,8/21/2014,21,8,8/21/2014,,,
"Rep. Tim Griffin, R-Ark., 46",TRUE,8/21/2014,21,8,Rep. Tim Griffin, R,Ark.,46
"Sen. Jon Tester, D-Mont., 58",TRUE,8/21/2014,21,8,Sen. Jon Tester, D,Mont.,58
8/22/2014,FALSE,8/22/2014,22,8,8/22/2014,,,
"Rep. Cory Gardner, R-Colo., 40",TRUE,8/22/2014,22,8,Rep. Cory Gardner, R,Colo.,40
"Rep. Trey Gowdy, R-S.C., 50",TRUE,8/22/2014,22,8,Rep. Trey Gowdy, R,S.C.,50
8/24/2014,FALSE,8/24/2014,24,8,8/24/2014,,,
"Sen. Bob Corker, R-Tenn., 62",TRUE,8/24/2014,24,8,Sen. Bob Corker, R,Tenn.,62
"Rep. John Culberson, R-Texas, 58",TRUE,8/24/2014,24,8,Rep. John Culberson, R,Texas,58
"Sen. Joe Manchin III, D-W.Va., 67",TRUE,8/24/2014,24,8,Sen. Joe Manchin III, D,W.Va.,67
"Rep. Steve Pearce, R-N.M., 67",TRUE,8/24/2014,24,8,Rep. Steve Pearce, R,N.M.,67
"Rep. Todd Young, R-Ind., 42",TRUE,8/24/2014,24,8,Rep. Todd Young, R,Ind.,42
8/25/2014,FALSE,8/25/2014,25,8,8/25/2014,,,
"Rep. Ron Barber, D-Ariz., 69",TRUE,8/25/2014,25,8,Rep. Ron Barber, D,Ariz.,69
"Rep. Susan W. Brooks, R-Ind., 54",TRUE,8/25/2014,25,8,Rep. Susan W. Brooks, R,Ind.,54
"Rep. Elizabeth Esty, D-Conn., 55",TRUE,8/25/2014,25,8,Rep. Elizabeth Esty, D,Conn.,55
"Rep. Raul Ruiz, D-Calif., 42",TRUE,8/25/2014,25,8,Rep. Raul Ruiz, D,Calif.,42
8/26/2014,FALSE,8/26/2014,26,8,8/26/2014,,,
"Rep. Melvin Watt, D-N.C., 68",TRUE,8/26/2014,26,8,Rep. Melvin Watt, D,N.C.,68
8/28/2014,FALSE,8/28/2014,28,8,8/28/2014,,,
"Rep. Julia Brownley, D-Calif., 62",TRUE,8/28/2014,28,8,Rep. Julia Brownley, D,Calif.,62
8/29/2014,FALSE,8/29/2014,29,8,8/29/2014,,,
"Sen. John McCain, R-Ariz., 78",TRUE,8/29/2014,29,8,Sen. John McCain, R,Ariz.,78
"Rep. Dave Reichert, R-Wash., 64",TRUE,8/29/2014,29,8,Rep. Dave Reichert, R,Wash.,64
8/31/2014,FALSE,8/31/2014,31,8,8/31/2014,,,
"Rep. Marlin Stutzman, R-Ind., 38",TRUE,8/31/2014,31,8,Rep. Marlin Stutzman, R,Ind.,38
9/1/2014,FALSE,9/1/2014,1,9,9/1/2014,,,
"Rep. Ander Crenshaw, R-Fla., 70",TRUE,9/1/2014,1,9,Rep. Ander Crenshaw, R,Fla.,70
"Rep. Al Green, D-Texas, 67",TRUE,9/1/2014,1,9,Rep. Al Green, D,Texas,67
9/5/2014,FALSE,9/5/2014,5,9,9/5/2014,,,
"Rep. Alcee L. Hastings, D-Fla., 78",TRUE,9/5/2014,5,9,Rep. Alcee L. Hastings, D,Fla.,78
"Rep. Ann McLane Kuster, D-N.H., 58",TRUE,9/5/2014,5,9,Rep. Ann McLane Kuster, D,N.H.,58
9/6/2014,FALSE,9/6/2014,6,9,9/6/2014,,,
"Rep. Danny K. Davis, D-Ill., 73",TRUE,9/6/2014,6,9,Rep. Danny K. Davis, D,Ill.,73
"Rep. William Keating, D-Mass., 62",TRUE,9/6/2014,6,9,Rep. William Keating, D,Mass.,62
"Rep. John Kline, R-Minn., 67",TRUE,9/6/2014,6,9,Rep. John Kline, R,Minn.,67
"Rep. Sander M. Levin, D-Mich., 83",TRUE,9/6/2014,6,9,Rep. Sander M. Levin, D,Mich.,83
"Rep. Gloria Negrete McLeod, D-Calif., 73",TRUE,9/6/2014,6,9,Rep. Gloria Negrete McLeod, D,Calif.,73
9/8/2014,FALSE,9/8/2014,8,9,9/8/2014,,,
"Sen. Bernard Sanders, I-Vt., 73",TRUE,9/8/2014,8,9,Sen. Bernard Sanders, I,Vt.,73
"Rep. Mike Simpson, R-Idaho, 64",TRUE,9/8/2014,8,9,Rep. Mike Simpson, R,Idaho,64
9/9/2014,FALSE,9/9/2014,9,9,9/9/2014,,,
"Sen. Chris Coons, D-Del., 51",TRUE,9/9/2014,9,9,Sen. Chris Coons, D,Del.,51
"Rep. Howard “Buck” McKeon, R-Calif., 76",TRUE,9/9/2014,9,9,Rep. Howard “Buck” McKeon, R,Calif.,76
9/10/2014,FALSE,9/10/2014,10,9,9/10/2014,,,
"Rep. Cynthia M. Lummis, R-Wyo., 60",TRUE,9/10/2014,10,9,Rep. Cynthia M. Lummis, R,Wyo.,60
"Rep. Ted Poe, R-Texas, 66",TRUE,9/10/2014,10,9,Rep. Ted Poe, R,Texas,66
9/11/2014,FALSE,9/11/2014,11,9,9/11/2014,,,
"Rep. Tim Murphy, R-Pa., 62",TRUE,9/11/2014,11,9,Rep. Tim Murphy, R,Pa.,62
9/12/2014,FALSE,9/12/2014,12,9,9/12/2014,,,
"Rep. Henry A. Waxman, D-Calif., 75",TRUE,9/12/2014,12,9,Rep. Henry A. Waxman, D,Calif.,75
9/13/2014,FALSE,9/13/2014,13,9,9/13/2014,,,
"Rep. Cedric L. Richmond, D-La., 41",TRUE,9/13/2014,13,9,Rep. Cedric L. Richmond, D,La.,41
"Rep. Peter Roskam, R-Ill., 53",TRUE,9/13/2014,13,9,Rep. Peter Roskam, R,Ill.,53
"Rep. Ann Wagner, R-Mo., 52",TRUE,9/13/2014,13,9,Rep. Ann Wagner, R,Mo.,52
"Rep. Roger Williams, R-Texas, 65",TRUE,9/13/2014,13,9,Rep. Roger Williams, R,Texas,65
9/14/2014,FALSE,9/14/2014,14,9,9/14/2014,,,
"Rep. Ron DeSantis, R-Fla., 36",TRUE,9/14/2014,14,9,Rep. Ron DeSantis, R,Fla.,36
9/15/2014,FALSE,9/15/2014,15,9,9/15/2014,,,
"Rep. Joe L. Barton, R-Texas, 65",TRUE,9/15/2014,15,9,Rep. Joe L. Barton, R,Texas,65
"Sen. Mark S. Kirk, R-Ill., 55",TRUE,9/15/2014,15,9,Sen. Mark S. Kirk, R,Ill.,55
9/16/2014,FALSE,9/16/2014,16,9,9/16/2014,,,
"Rep. Joaquin Castro, D-Texas, 40",TRUE,9/16/2014,16,9,Rep. Joaquin Castro, D,Texas,40
9/17/2014,FALSE,9/17/2014,17,9,9/17/2014,,,
"Sen. Charles E. Grassley, R-Iowa, 81",TRUE,9/17/2014,17,9,Sen. Charles E. Grassley, R,Iowa,81
9/18/2014,FALSE,9/18/2014,18,9,9/18/2014,,,
"Rep. John F. Tierney, D-Mass., 63",TRUE,9/18/2014,18,9,Rep. John F. Tierney, D,Mass.,63
9/19/2014,FALSE,9/19/2014,19,9,9/19/2014,,,
"Del. Donna M.C. Christensen, D-V.I., 69",TRUE,9/19/2014,19,9,Del. Donna M.C. Christensen, D,V.I.,69
"Rep. Henry Cuellar, D-Texas, 59",TRUE,9/19/2014,19,9,Rep. Henry Cuellar, D,Texas,59
"Sen. Tim Scott, R-S.C., 49",TRUE,9/19/2014,19,9,Sen. Tim Scott, R,S.C.,49
9/22/2014,FALSE,9/22/2014,22,9,9/22/2014,,,
"Rep. Bill Enyart, D-Ill., 65",TRUE,9/22/2014,22,9,Rep. Bill Enyart, D,Ill.,65
"Rep. Robert W. Goodlatte, R-Va., 62",TRUE,9/22/2014,22,9,Rep. Robert W. Goodlatte, R,Va.,62
9/25/2014,FALSE,9/25/2014,25,9,9/25/2014,,,
"Rep. Mario Diaz Balart, R-Fla., 53",TRUE,9/25/2014,25,9,Rep. Mario Diaz Balart, R,Fla.,53
"Rep. Doris Matsui, D-Calif., 70",TRUE,9/25/2014,25,9,Rep. Doris Matsui, D,Calif.,70
"Rep. Gregory W. Meeks, D-N.Y., 61",TRUE,9/25/2014,25,9,Rep. Gregory W. Meeks, D,N.Y.,61
9/26/2014,FALSE,9/26/2014,26,9,9/26/2014,,,
"Rep. Beto O’Rourke, D-Texas, 42",TRUE,9/26/2014,26,9,Rep. Beto O’Rourke, D,Texas,42
9/27/2014,FALSE,9/27/2014,27,9,9/27/2014,,,
"Rep. Debbie Wasserman Schultz, D-Fla., 48",TRUE,9/27/2014,27,9,Rep. Debbie Wasserman Schultz, D,Fla.,48
9/28/2014,FALSE,9/28/2014,28,9,9/28/2014,,,
"Rep. Bill Cassidy, R-La., 57",TRUE,9/28/2014,28,9,Rep. Bill Cassidy, R,La.,57
9/29/2014,FALSE,9/29/2014,29,9,9/29/2014,,,
"Sen. Joe Donnelly, D-Ind., 59",TRUE,9/29/2014,29,9,Sen. Joe Donnelly, D,Ind.,59
"Sen. Bill Nelson, D-Fla., 72",TRUE,9/29/2014,29,9,Sen. Bill Nelson, D,Fla.,72
10/1/2014,FALSE,10/1/2014,1,10,10/1/2014,,,
"Rep. Grace Meng, D-N.Y., 39",TRUE,10/1/2014,1,10,Rep. Grace Meng, D,N.Y.,39
"Rep. Devin Nunes, R-Calif., 41",TRUE,10/1/2014,1,10,Rep. Devin Nunes, R,Calif.,41
10/2/2014,FALSE,10/2/2014,2,10,10/2/2014,,,
"Rep. Hank Johnson, D-Ga., 60",TRUE,10/2/2014,2,10,Rep. Hank Johnson, D,Ga.,60
10/3/2014,FALSE,10/3/2014,3,10,10/3/2014,,,
"Rep. Karen Bass, D-Calif., 61",TRUE,10/3/2014,3,10,Rep. Karen Bass, D,Calif.,61
"Rep. Sean P. Duffy, R-Wis., 43",TRUE,10/3/2014,3,10,Rep. Sean P. Duffy, R,Wis.,43
"Rep. Allyson Y. Schwartz, D-Pa., 66",TRUE,10/3/2014,3,10,Rep. Allyson Y. Schwartz, D,Pa.,66
10/4/2014,FALSE,10/4/2014,4,10,10/4/2014,,,
"Rep. Joseph P. Kennedy III, D-Mass., 34",TRUE,10/4/2014,4,10,Rep. Joseph P. Kennedy III, D,Mass.,34
10/5/2014,FALSE,10/5/2014,5,10,10/5/2014,,,
"Sen. Benjamin L. Cardin, D-Md., 71",TRUE,10/5/2014,5,10,Sen. Benjamin L. Cardin, D,Md.,71
10/6/2014,FALSE,10/6/2014,6,10,10/6/2014,,,
"Rep. Kerry Bentivolio, R-Mich., 63",TRUE,10/6/2014,6,10,Rep. Kerry Bentivolio, R,Mich.,63
"Rep. Lloyd Doggett, D-Texas, 68",TRUE,10/6/2014,6,10,Rep. Lloyd Doggett, D,Texas,68
"Rep. Brian Higgins, D-N.Y., 55",TRUE,10/6/2014,6,10,Rep. Brian Higgins, D,N.Y.,55
"Rep. Steve Scalise, R-La., 49",TRUE,10/6/2014,6,10,Rep. Steve Scalise, R,La.,49
10/7/2014,FALSE,10/7/2014,7,10,10/7/2014,,,
"Rep. Bill Foster, D-Ill., 59",TRUE,10/7/2014,7,10,Rep. Bill Foster, D,Ill.,59
10/8/2014,FALSE,10/8/2014,8,10,10/8/2014,,,
"Rep. Tom Price, R-Ga., 60",TRUE,10/8/2014,8,10,Rep. Tom Price, R,Ga.,60
10/9/2014,FALSE,10/9/2014,9,10,10/9/2014,,,
"Rep. Alan Nunnelee, R-Miss., 56",TRUE,10/9/2014,9,10,Rep. Alan Nunnelee, R,Miss.,56
10/10/2014,FALSE,10/10/2014,10,10,10/10/2014,,,
"Rep. Joe Pitts, R-Pa., 75",TRUE,10/10/2014,10,10,Rep. Joe Pitts, R,Pa.,75
"Rep. Steve Southerland II, R-Fla., 49",TRUE,10/10/2014,10,10,Rep. Steve Southerland II, R,Fla.,49
10/11/2014,FALSE,10/11/2014,11,10,10/11/2014,,,
"Rep. Chuck Fleischmann, R-Tenn., 52",TRUE,10/11/2014,11,10,Rep. Chuck Fleischmann, R,Tenn.,52
"Rep. Sam Johnson, R-Texas, 84",TRUE,10/11/2014,11,10,Rep. Sam Johnson, R,Texas,84
"Sen. Patty Murray, D-Wash., 64",TRUE,10/11/2014,11,10,Sen. Patty Murray, D,Wash.,64
10/12/2014,FALSE,10/12/2014,12,10,10/12/2014,,,
"Rep. Joe Garcia, D-Fla., 51",TRUE,10/12/2014,12,10,Rep. Joe Garcia, D,Fla.,51
"Rep. Ed Royce, D-Calif., 63",TRUE,10/12/2014,12,10,Rep. Ed Royce, D,Calif.,63
10/13/2014,FALSE,10/13/2014,13,10,10/13/2014,,,
"Sen. Maria Cantwell, D-Wash., 56",TRUE,10/13/2014,13,10,Sen. Maria Cantwell, D,Wash.,56
"Rep. Vicky Hartzler, R-Mo., 54",TRUE,10/13/2014,13,10,Rep. Vicky Hartzler, R,Mo.,54
10/14/2014,FALSE,10/14/2014,14,10,10/14/2014,,,
"Rep. Suzanne Bonamici, D-Ore., 60",TRUE,10/14/2014,14,10,Rep. Suzanne Bonamici, D,Ore.,60
10/15/2014,FALSE,10/15/2014,15,10,10/15/2014,,,
"Rep. Rush D. Holt, D-N.J., 66",TRUE,10/15/2014,15,10,Rep. Rush D. Holt, D,N.J.,66
10/16/2014,FALSE,10/16/2014,16,10,10/16/2014,,,
"Rep. Andre Carson, D-Ind., 40",TRUE,10/16/2014,16,10,Rep. Andre Carson, D,Ind.,40
"Rep. Gary G. Miller, R-Calif., 66",TRUE,10/16/2014,16,10,Rep. Gary G. Miller, R,Calif.,66
10/17/2014,FALSE,10/17/2014,17,10,10/17/2014,,,
"Rep. Cheri Bustos, D-Ill., 53",TRUE,10/17/2014,17,10,Rep. Cheri Bustos, D,Ill.,53
"Rep. Gene Green, D-Texas, 67",TRUE,10/17/2014,17,10,Rep. Gene Green, D,Texas,67
"Sen. Martin Heinrich, D-N.M., 43",TRUE,10/17/2014,17,10,Sen. Martin Heinrich, D,N.M.,43
"Rep. Mike Quigley, D-Ill., 56",TRUE,10/17/2014,17,10,Rep. Mike Quigley, D,Ill.,56
10/18/2014,FALSE,10/18/2014,18,10,10/18/2014,,,
"Rep. Dennis A. Ross, R-Fla., 55",TRUE,10/18/2014,18,10,Rep. Dennis A. Ross, R,Fla.,55
10/19/2014,FALSE,10/19/2014,19,10,10/19/2014,,,
"Rep. Kurt Schrader, D-Ore., 63",TRUE,10/19/2014,19,10,Rep. Kurt Schrader, D,Ore.,63
10/20/2014,FALSE,10/20/2014,20,10,10/20/2014,,,
"Rep. Patrick Meehan, R-Pa., 59",TRUE,10/20/2014,20,10,Rep. Patrick Meehan, R,Pa.,59
"Sen. Brian Schatz, D-Hawaii, 42",TRUE,10/20/2014,20,10,Sen. Brian Schatz, D,Hawaii,42
"Sen. Sheldon Whitehouse, D-R.I., 59",TRUE,10/20/2014,20,10,Sen. Sheldon Whitehouse, D,R.I.,59
10/21/2014,FALSE,10/21/2014,21,10,10/21/2014,,,
"Rep. Pat Tiberi, R-Ohio, 52",TRUE,10/21/2014,21,10,Rep. Pat Tiberi, R,Ohio,52
10/22/2014,FALSE,10/22/2014,22,10,10/22/2014,,,
"Rep. Patrick T. McHenry, R-N.C., 39",TRUE,10/22/2014,22,10,Rep. Patrick T. McHenry, R,N.C.,39
10/24/2014,FALSE,10/24/2014,24,10,10/24/2014,,,
"Rep. Michelle Lujan Grisham, D-N.M., 55",TRUE,10/24/2014,24,10,Rep. Michelle Lujan Grisham, D,N.M.,55
"Sen. Jeff Merkley, D-Ore., 58",TRUE,10/24/2014,24,10,Sen. Jeff Merkley, D,Ore.,58
"Rep. Jose E. Serrano, D-N.Y., 71",TRUE,10/24/2014,24,10,Rep. Jose E. Serrano, D,N.Y.,71
"Rep. Brad Sherman, D-Calif., 60",TRUE,10/24/2014,24,10,Rep. Brad Sherman, D,Calif.,60
10/26/2014,FALSE,10/26/2014,26,10,10/26/2014,,,
"Rep. Emanuel Cleaver II, D-Mo., 70",TRUE,10/26/2014,26,10,Rep. Emanuel Cleaver II, D,Mo.,70
10/29/2014,FALSE,10/29/2014,29,10,10/29/2014,,,
"Rep. Marcia L. Fudge, D-Ohio, 62",TRUE,10/29/2014,29,10,Rep. Marcia L. Fudge, D,Ohio,62
10/30/2014,FALSE,10/30/2014,30,10,10/30/2014,,,
"Rep. Bruce Braley, D-Iowa, 57",TRUE,10/30/2014,30,10,Rep. Bruce Braley, D,Iowa,57
"Rep. Joe Heck, R-Nev., 53",TRUE,10/30/2014,30,10,Rep. Joe Heck, R,Nev.,53
"Sen. Heidi Heitkamp, D-N.D., 59",TRUE,10/30/2014,30,10,Sen. Heidi Heitkamp, D,N.D.,59
"Rep. Frank Pallone Jr., D-N.J., 63",TRUE,10/30/2014,30,10,Rep. Frank Pallone Jr., D,N.J.,63
10/31/2014,FALSE,10/31/2014,31,10,10/31/2014,,,
"Rep. John Barrow, D-Ga., 59",TRUE,10/31/2014,31,10,Rep. John Barrow, D,Ga.,59
"Rep. David Jolly, R-Fla., 41",TRUE,10/31/2014,31,10,Rep. David Jolly, R,Fla.,41
11/1/2014,FALSE,11/1/2014,1,11,11/1/2014,,,
"Rep. Darrell Issa, R-Calif., 61",TRUE,11/1/2014,1,11,Rep. Darrell Issa, R,Calif.,61
11/3/2014,FALSE,11/3/2014,3,11,11/3/2014,,,
"Rep. Jaime Herrera Beutler, R-Wash., 36",TRUE,11/3/2014,3,11,Rep. Jaime Herrera Beutler, R,Wash.,36
"Sen. Mazie K. Hirono, D-Hawaii, 67",TRUE,11/3/2014,3,11,Sen. Mazie K. Hirono, D,Hawaii,67
"Sen. John Walsh, D-Mont., 54",TRUE,11/3/2014,3,11,Sen. John Walsh, D,Mont.,54
11/4/2014,FALSE,11/4/2014,4,11,11/4/2014,,,
"Rep. Richard Hudson, R-N.C., 43",TRUE,11/4/2014,4,11,Rep. Richard Hudson, R,N.C.,43
"Rep. John Yarmuth, D-Ky., 67",TRUE,11/4/2014,4,11,Rep. John Yarmuth, D,Ky.,67
11/5/2014,FALSE,11/5/2014,5,11,11/5/2014,,,
"Rep. Frederica S. Wilson, D-Fla., 72",TRUE,11/5/2014,5,11,Rep. Frederica S. Wilson, D,Fla.,72
11/6/2014,FALSE,11/6/2014,6,11,11/6/2014,,,
"Rep. John Carter, R-Texas, 73",TRUE,11/6/2014,6,11,Rep. John Carter, R,Texas,73
11/7/2014,FALSE,11/7/2014,7,11,11/7/2014,,,
"Rep. Sam Graves, R-Ga., 51",TRUE,11/7/2014,7,11,Rep. Sam Graves, R,Ga.,51
11/9/2014,FALSE,11/9/2014,9,11,11/9/2014,,,
"Sen. Sherrod Brown, D-Ohio, 62",TRUE,11/9/2014,9,11,Sen. Sherrod Brown, D,Ohio,62
"Rep. Scott Tipton, R-Colo., 58",TRUE,11/9/2014,9,11,Rep. Scott Tipton, R,Colo.,58
11/10/2014,FALSE,11/10/2014,10,11,11/10/2014,,,
"Sen. Saxby Chambliss, R-Ga., 71",TRUE,11/10/2014,10,11,Sen. Saxby Chambliss, R,Ga.,71
"Rep. Bill Johnson, R-Ohio, 60",TRUE,11/10/2014,10,11,Rep. Bill Johnson, R,Ohio,60
11/11/2014,FALSE,11/11/2014,11,11,11/11/2014,,,
"Sen. Barbara Boxer, D-Calif., 74",TRUE,11/11/2014,11,11,Sen. Barbara Boxer, D,Calif.,74
"Rep. Corrine Brown, D-Fla., 68",TRUE,11/11/2014,11,11,Rep. Corrine Brown, D,Fla.,68
"Rep. Tim Huelskamp, R-Kan., 46",TRUE,11/11/2014,11,11,Rep. Tim Huelskamp, R,Kan.,46
11/12/2014,FALSE,11/12/2014,12,11,11/12/2014,,,
"Sen. Jack Reed, D-R.I., 65",TRUE,11/12/2014,12,11,Sen. Jack Reed, D,R.I.,65
11/14/2014,FALSE,11/14/2014,14,11,11/14/2014,,,
"Rep. Steve Stockman, R-Texas, 58",TRUE,11/14/2014,14,11,Rep. Steve Stockman, R,Texas,58
11/16/2014,FALSE,11/16/2014,16,11,11/16/2014,,,
"Rep. Eric Swalwell, D-Calif., 34",TRUE,11/16/2014,16,11,Rep. Eric Swalwell, D,Calif.,34
11/17/2014,FALSE,11/17/2014,17,11,11/17/2014,,,
"Rep. John A. Boehner, R-Ohio, 65",TRUE,11/17/2014,17,11,Rep. John A. Boehner, R,Ohio,65
"Sen. James M. Inhofe, R-Okla., 80",TRUE,11/17/2014,17,11,Sen. James M. Inhofe, R,Okla.,80
"Sen. Patrick J. Toomey, R-Pa., 53",TRUE,11/17/2014,17,11,Sen. Patrick J. Toomey, R,Pa.,53
11/18/2014,FALSE,11/18/2014,18,11,11/18/2014,,,
"Rep. Tom Reed, R-N.Y., 43",TRUE,11/18/2014,18,11,Rep. Tom Reed, R,N.Y.,43
11/19/2014,FALSE,11/19/2014,19,11,11/19/2014,,,
"Sen. Tom Harkin, D-Iowa, 75",TRUE,11/19/2014,19,11,Sen. Tom Harkin, D,Iowa,75
"Rep. Lamar Smith, R-Texas, 67",TRUE,11/19/2014,19,11,Rep. Lamar Smith, R,Texas,67
11/20/2014,FALSE,11/20/2014,20,11,11/20/2014,,,
"Rep. Jim McGovern, D-Mass., 55",TRUE,11/20/2014,20,11,Rep. Jim McGovern, D,Mass.,55
11/21/2014,FALSE,11/21/2014,21,11,11/21/2014,,,
"Rep. Yvette D. Clarke, D-N.Y., 50",TRUE,11/21/2014,21,11,Rep. Yvette D. Clarke, D,N.Y.,50
"Sen. Richard J. Durbin, D-Ill., 70",TRUE,11/21/2014,21,11,Sen. Richard J. Durbin, D,Ill.,70
"Rep. Chaka Fattah, D-Pa., 58",TRUE,11/21/2014,21,11,Rep. Chaka Fattah, D,Pa.,58
"Rep. Tom Rooney, R-Fla., 44",TRUE,11/21/2014,21,11,Rep. Tom Rooney, R,Fla.,44
11/23/2014,FALSE,11/23/2014,23,11,11/23/2014,,,
"Sen. Mary L. Landrieu, D-La., 59",TRUE,11/23/2014,23,11,Sen. Mary L. Landrieu, D,La.,59
"Rep. Bobby L. Rush, D-Ill., 68",TRUE,11/23/2014,23,11,Rep. Bobby L. Rush, D,Ill.,68
"Sen. Charles E. Schumer, D-N.Y., 64",TRUE,11/23/2014,23,11,Sen. Charles E. Schumer, D,N.Y.,64
11/26/2014,FALSE,11/26/2014,26,11,11/26/2014,,,
"Rep. Shelley Moore Capito, R-W.Va., 61",TRUE,11/26/2014,26,11,Rep. Shelley Moore Capito, R,W.Va.,61
11/27/2014,FALSE,11/27/2014,27,11,11/27/2014,,,
"Rep. Paul Gosar, R-Ariz., 56",TRUE,11/27/2014,27,11,Rep. Paul Gosar, R,Ariz.,56
"Rep. Jon Runyan, R-N.J., 41",TRUE,11/27/2014,27,11,Rep. Jon Runyan, R,N.J.,41
11/28/2014,FALSE,11/28/2014,28,11,11/28/2014,,,
"Sen. Michael Bennet, D-Colo., 50",TRUE,11/28/2014,28,11,Sen. Michael Bennet, D,Colo.,50
11/30/2014,FALSE,11/30/2014,30,11,11/30/2014,,,
"Sen. Richard M. Burr, R-N.C., 59",TRUE,11/30/2014,30,11,Sen. Richard M. Burr, R,N.C.,59
"Rep. Kristi Noem, R-S.D., 43",TRUE,11/30/2014,30,11,Rep. Kristi Noem, R,S.D.,43
12/1/2014,FALSE,12/1/2014,1,12,12/1/2014,,,
"Rep. Gary Peters, D-Mich., 56",TRUE,12/1/2014,1,12,Rep. Gary Peters, D,Mich.,56
12/2/2014,FALSE,12/2/2014,2,12,12/2/2014,,,
"Rep. Pete Gallego, D-Texas, 53",TRUE,12/2/2014,2,12,Rep. Pete Gallego, D,Texas,53
"Sen. Harry Reid, D-Nev., 75",TRUE,12/2/2014,2,12,Sen. Harry Reid, D,Nev.,75
12/3/2014,FALSE,12/3/2014,3,12,12/3/2014,,,
"Rep. Eddie Bernice Johnson, D-Texas, 79",TRUE,12/3/2014,3,12,Rep. Eddie Bernice Johnson, D,Texas,79
"Rep. James B. Renacci, R-Ohio, 56",TRUE,12/3/2014,3,12,Rep. James B. Renacci, R,Ohio,56
12/4/2014,FALSE,12/4/2014,4,12,12/4/2014,,,
"Rep. Grace F. Napolitano, D-Calif., 78",TRUE,12/4/2014,4,12,Rep. Grace F. Napolitano, D,Calif.,78
12/7/2014,FALSE,12/7/2014,7,12,12/7/2014,,,
"Sen. Thad Cochran, R-Miss., 77",TRUE,12/7/2014,7,12,Sen. Thad Cochran, R,Miss.,77
"Sen. Susan Collins, R-Maine, 62",TRUE,12/7/2014,7,12,Sen. Susan Collins, R,Maine,62
"Rep. Duncan Hunter, R-Calif., 38",TRUE,12/7/2014,7,12,Rep. Duncan Hunter, R,Calif.,38
12/8/2014,FALSE,12/8/2014,8,12,12/8/2014,,,
"Rep. Raul R. Labrador, R-ldaho, 47",TRUE,12/8/2014,8,12,Rep. Raul R. Labrador, R,ldaho,47
12/9/2014,FALSE,12/9/2014,9,12,12/9/2014,,,
"Rep. Pete Olson, R-Texas, 52",TRUE,12/9/2014,9,12,Rep. Pete Olson, R,Texas,52
"Sen. Kirsten Gillibrand, D-N.Y., 48",TRUE,12/9/2014,9,12,Sen. Kirsten Gillibrand, D,N.Y.,48
12/10/2014,FALSE,12/10/2014,10,12,12/10/2014,,,
"Sen. John Boozman, R-Ark., 64",TRUE,12/10/2014,10,12,Sen. John Boozman, R,Ark.,64
"Rep. Luis V. Gutierrez, D-Ill., 61",TRUE,12/10/2014,10,12,Rep. Luis V. Gutierrez, D,Ill.,61
"Rep. Austin Scott, R-Ga., 45",TRUE,12/10/2014,10,12,Rep. Austin Scott, R,Ga.,45
"Rep. Mark Takano, D-Calif., 54",TRUE,12/10/2014,10,12,Rep. Mark Takano, D,Calif.,54
12/12/2014,FALSE,12/12/2014,12,12,12/12/2014,,,
"Rep. Blake Farenthold, R-Texas, 53",TRUE,12/12/2014,12,12,Rep. Blake Farenthold, R,Texas,53
12/13/2014,FALSE,12/13/2014,13,12,12/13/2014,,,
"Rep. Anna G. Eshoo, D-Calif., 72",TRUE,12/13/2014,13,12,Rep. Anna G. Eshoo, D,Calif.,72
12/15/2014,FALSE,12/15/2014,15,12,12/15/2014,,,
"Sen. Mark Warner, D-Va., 60",TRUE,12/15/2014,15,12,Sen. Mark Warner, D,Va.,60
12/16/2014,FALSE,12/16/2014,16,12,12/16/2014,,,
"Rep. Donald M. Payne Jr., D-N.J., 56",TRUE,12/16/2014,16,12,Rep. Donald M. Payne Jr., D,N.J.,56
12/17/2014,FALSE,12/17/2014,17,12,12/17/2014,,,
"Rep. Rick Nolan, D-Minn., 71",TRUE,12/17/2014,17,12,Rep. Rick Nolan, D,Minn.,71
12/18/2014,FALSE,12/18/2014,18,12,12/18/2014,,,
"Rep. Bill Posey, R-Fla., 67",TRUE,12/18/2014,18,12,Rep. Bill Posey, R,Fla.,67
12/19/2014,FALSE,12/19/2014,19,12,12/19/2014,,,
"Sen. Rob Portman, R-Ohio, 59",TRUE,12/19/2014,19,12,Sen. Rob Portman, R,Ohio,59
"Rep. Adrian Smith, R-Neb., 44",TRUE,12/19/2014,19,12,Rep. Adrian Smith, R,Neb.,44
12/21/2014,FALSE,12/21/2014,21,12,12/21/2014,,,
"Rep. Zoe Lofgren, D-Calif., 67",TRUE,12/21/2014,21,12,Rep. Zoe Lofgren, D,Calif.,67
12/22/2014,FALSE,12/22/2014,22,12,12/22/2014,,,
"Sen. Ted Cruz, R-Texas, 44",TRUE,12/22/2014,22,12,Sen. Ted Cruz, R,Texas,44
12/23/2014,FALSE,12/23/2014,23,12,12/23/2014,,,
"Rep. Michael C. Burgess, R-Texas, 64",TRUE,12/23/2014,23,12,Rep. Michael C. Burgess, R,Texas,64
"Rep. Dave Loebsack, D-Iowa, 62",TRUE,12/23/2014,23,12,Rep. Dave Loebsack, D,Iowa,62
12/24/2014,FALSE,12/24/2014,24,12,12/24/2014,,,
"Sen. Jeff Sessions, R-Texas, 68",TRUE,12/24/2014,24,12,Sen. Jeff Sessions, R,Texas,68
"Rep. Randy Neugebauer, R-Texas, 65",TRUE,12/24/2014,24,12,Rep. Randy Neugebauer, R,Texas,65
12/27/2014,FALSE,12/27/2014,27,12,12/27/2014,,,
"Rep. Jeff Fortenberry, R-Neb., 54",TRUE,12/27/2014,27,12,Rep. Jeff Fortenberry, R,Neb.,54
12/28/2014,FALSE,12/28/2014,28,12,12/28/2014,,,
"Rep. Spencer Bachus, R-Ala., 67",TRUE,12/28/2014,28,12,Rep. Spencer Bachus, R,Ala.,67
"Sen. Johnny Isakson, R-Ga., 70",TRUE,12/28/2014,28,12,Sen. Johnny Isakson, R,Ga.,70
"Sen. Tim Johnson, D-S.D., 68",TRUE,12/28/2014,28,12,Sen. Tim Johnson, D,S.D.,68
"Rep. Jim McDermott, D-Wash., 78",TRUE,12/28/2014,28,12,Rep. Jim McDermott, D,Wash.,78
12/30/2014,FALSE,12/30/2014,30,12,12/30/2014,,,
"Rep. Mike Pompeo, R-Kan., 51",TRUE,12/30/2014,30,12,Rep. Mike Pompeo, R,Kan.,51
12/31/2014,FALSE,12/31/2014,31,12,12/31/2014,,,
"Sen. Jeff Flake, R-Ariz., 52",TRUE,12/31/2014,31,12,Sen. Jeff Flake, R,Ariz.,52
"Rep. Harold Rogers, R-Ky., 77",TRUE,12/31/2014,31,12,Rep. Harold Rogers, R,Ky.,77